API,Required Bond Amount,Ogrid,Name,Well Count,Inactive Wells,5.9 Compliance,Property,Well Name,Lease Type,ULSTR,OCD Unit Letter,Well Type,Last Prod/Inj,Inactive Additional Bond Due,Bonding Depth,Bond Required Now,Covered By Blanket TA Bond,Bond In Place,In Violation
30-005-10455,"$32,122",248802,"CANO PETRO OF NEW MEXICO, INC.",322,307,No,0,CATO SAN ANDRES UNIT #049,P,L-11-08S-30E,L,I,Aug-16,Sep-18,3561,Y,0,0,Y
30-005-10473,"$28,928",228270,ROGER SLAYTON DBA ESCUDILLA OIL COMPANY,29,8,No,0,AVALANCHE JOURNAL STATE #005,S,L-04-08S-27E,L,O,Nov-18,Dec-20,1964,0,0,0,0
30-005-10474,"$32,364",248802,"CANO PETRO OF NEW MEXICO, INC.",322,307,No,0,CATO SAN ANDRES UNIT #098,P,G-17-08S-30E,G,O,Jul-11,Aug-13,3682,Y,0,8682,Y
30-005-10483,"$33,830",164557,RIDGEWAY ARIZONA OIL CORP.,342,10,No,0,STATE 6 #007,S,G-06-08S-33E,G,O,Oct-11,Nov-13,4415,Y,Y,0,0
30-005-10491,"$32,124",248802,"CANO PETRO OF NEW MEXICO, INC.",322,307,No,0,CATO SAN ANDRES UNIT #027,P,F-11-08S-30E,F,O,May-09,Jun-11,3562,Y,0,8562,Y
30-005-10500,"$32,030",248802,"CANO PETRO OF NEW MEXICO, INC.",322,307,No,0,CATO SAN ANDRES UNIT #058,P,O-10-08S-30E,O,O,Oct-04,Nov-06,3515,Y,0,8515,Y
30-005-10501,"$31,840",248802,"CANO PETRO OF NEW MEXICO, INC.",322,307,No,0,CATO SAN ANDRES UNIT #017,P,C-10-08S-30E,C,O,Sep-09,Oct-11,3420,Y,0,8420,Y
30-005-10502,"$32,200",248802,"CANO PETRO OF NEW MEXICO, INC.",322,307,No,0,CATO SAN ANDRES UNIT #057,P,P-10-08S-30E,P,I,Mar-18,Apr-20,3600,Y,0,0,Y
30-005-10503,"$32,236",248802,"CANO PETRO OF NEW MEXICO, INC.",322,307,No,0,CATO SAN ANDRES UNIT #028,P,E-11-08S-30E,E,I,Aug-16,Sep-18,3618,Y,0,0,Y
30-005-10504,"$32,300",248802,"CANO PETRO OF NEW MEXICO, INC.",322,307,No,0,CATO SAN ANDRES UNIT #020,P,D-11-08S-30E,D,I,Aug-16,Sep-18,3650,Y,0,0,Y
30-005-10522,"$31,820",248802,"CANO PETRO OF NEW MEXICO, INC.",322,307,No,0,CATO SAN ANDRES UNIT #032,P,E-10-08S-30E,E,O,Sep-09,Oct-11,3410,Y,0,8410,Y
30-005-10523,"$32,152",248802,"CANO PETRO OF NEW MEXICO, INC.",322,307,No,0,CATO SAN ANDRES UNIT #023,P,A-11-08S-30E,A,I,Aug-16,Sep-18,3576,Y,0,0,Y
30-005-10525,"$33,672",164557,RIDGEWAY ARIZONA OIL CORP.,342,10,No,0,KM CHAVEROO SA UNIT #110,S,N-02-08S-33E,N,I,Mar-20,Apr-22,4336,0,0,0,0
30-005-10537,"$32,200",248802,"CANO PETRO OF NEW MEXICO, INC.",322,307,No,0,CATO SAN ANDRES UNIT #009,P,O-03-08S-30E,O,O,Aug-16,Sep-18,3600,Y,0,0,Y
30-005-10538,"$32,200",248802,"CANO PETRO OF NEW MEXICO, INC.",322,307,No,0,CATO SAN ANDRES UNIT #046,P,K-10-08S-30E,K,O,May-09,Jun-11,3600,Y,0,8600,Y
30-005-10539,"$32,364",248802,"CANO PETRO OF NEW MEXICO, INC.",322,307,No,0,CATO SAN ANDRES UNIT #051,P,I-11-08S-30E,I,I,Aug-16,Sep-18,3682,Y,0,0,Y
30-005-10560,"$32,200",248802,"CANO PETRO OF NEW MEXICO, INC.",322,307,No,0,CATO SAN ANDRES UNIT #055,P,N-11-08S-30E,N,O,May-09,Jun-11,3600,Y,0,8600,Y
30-005-10561,"$32,140",248802,"CANO PETRO OF NEW MEXICO, INC.",322,307,No,0,CATO SAN ANDRES UNIT #087,P,E-14-08S-30E,E,I,Mar-18,Apr-20,3570,Y,0,0,Y
30-005-10562,"$32,060",248802,"CANO PETRO OF NEW MEXICO, INC.",322,307,No,0,CATO SAN ANDRES UNIT #075,P,C-15-08S-30E,C,O,Jul-16,Aug-18,3530,Y,0,0,Y
30-005-10563,"$32,116",248802,"CANO PETRO OF NEW MEXICO, INC.",322,307,No,0,CATO SAN ANDRES UNIT #089,P,G-15-08S-30E,G,O,Nov-14,Dec-16,3558,Y,0,8600,Y
30-005-10566,"$32,200",248802,"CANO PETRO OF NEW MEXICO, INC.",322,307,No,0,CATO SAN ANDRES UNIT #076,P,B-15-08S-30E,B,O,Dec-09,Jan-12,3600,Y,0,8600,Y
30-005-10567,"$32,200",248802,"CANO PETRO OF NEW MEXICO, INC.",322,307,No,0,CATO SAN ANDRES UNIT #097,P,H-17-08S-30E,H,O,Jun-09,Jul-11,3600,Y,0,8600,Y
30-005-10570,"$32,200",248802,"CANO PETRO OF NEW MEXICO, INC.",322,307,No,0,CATO SAN ANDRES UNIT #059,P,N-10-08S-30E,N,O,May-09,Jun-11,3600,Y,0,8600,Y
30-005-10571,"$31,984",248802,"CANO PETRO OF NEW MEXICO, INC.",322,307,No,0,CATO SAN ANDRES UNIT #060,P,M-10-08S-30E,M,O,Jul-11,Aug-13,3492,Y,0,8492,Y
30-005-10572,"$32,360",248802,"CANO PETRO OF NEW MEXICO, INC.",322,307,No,0,CATO SAN ANDRES UNIT #081,P,A-14-08S-30E,A,I,Feb-08,Mar-10,3680,Y,0,8680,Y
30-005-10573,"$32,082",248802,"CANO PETRO OF NEW MEXICO, INC.",322,307,No,0,CATO SAN ANDRES UNIT #074,P,D-15-08S-30E,D,O,Jul-16,Aug-18,3541,Y,0,0,Y
30-005-10574,"$32,066",248802,"CANO PETRO OF NEW MEXICO, INC.",322,307,No,0,CATO SAN ANDRES UNIT #091,P,E-15-08S-30E,E,O,Jul-16,Aug-18,3533,Y,0,0,Y
30-005-10578,"$31,960",248802,"CANO PETRO OF NEW MEXICO, INC.",322,307,No,0,CATO SAN ANDRES UNIT #047,P,J-10-08S-30E,J,O,Jul-11,Aug-13,3480,Y,0,8480,Y
30-005-10579,"$32,046",248802,"CANO PETRO OF NEW MEXICO, INC.",322,307,No,0,CATO SAN ANDRES UNIT #056,P,M-11-08S-30E,M,I,Sep-16,Oct-18,3523,Y,0,0,Y
30-005-10584,"$32,010",248802,"CANO PETRO OF NEW MEXICO, INC.",322,307,No,303560,CATO SAN ANDRES UNIT #001,P,H-03-08S-30E,H,O,Nov-14,Dec-16,3505,Y,0,8505,Y
30-005-10586,"$32,210",248802,"CANO PETRO OF NEW MEXICO, INC.",322,307,No,0,CATO SAN ANDRES UNIT #069,P,A-17-08S-30E,A,O,Jul-16,Aug-18,3605,Y,0,0,Y
30-005-10588,"$32,308",248802,"CANO PETRO OF NEW MEXICO, INC.",322,307,No,0,CATO SAN ANDRES UNIT #085,P,G-14-08S-30E,G,I,Mar-18,Apr-20,3654,Y,0,0,Y
30-005-20001,"$32,080",248802,"CANO PETRO OF NEW MEXICO, INC.",322,307,No,0,CATO SAN ANDRES UNIT #006,S,N-02-08S-30E,N,O,Jul-11,Aug-13,3540,Y,0,8540,Y
30-005-20002,"$32,196",248802,"CANO PETRO OF NEW MEXICO, INC.",322,307,No,0,CATO SAN ANDRES UNIT #096,S,E-16-08S-30E,E,O,Jul-11,Aug-13,3598,Y,0,8598,Y
30-005-20004,"$32,000",248802,"CANO PETRO OF NEW MEXICO, INC.",322,307,No,0,CATO SAN ANDRES UNIT #044,P,I-09-08S-30E,I,O,May-09,Jun-11,3500,Y,0,8500,Y
30-005-20005,"$31,900",248802,"CANO PETRO OF NEW MEXICO, INC.",322,307,No,0,CATO SAN ANDRES UNIT #061,P,P-09-08S-30E,P,O,May-09,Jun-11,3450,Y,0,8450,Y
30-005-20006,"$31,900",248802,"CANO PETRO OF NEW MEXICO, INC.",322,307,No,0,CATO SAN ANDRES UNIT #061,P,P-09-08S-30E,P,O,May-09,Jun-11,3450,Y,0,8450,Y
30-005-20007,"$31,900",248802,"CANO PETRO OF NEW MEXICO, INC.",322,307,No,0,CATO SAN ANDRES UNIT #100,P,J-17-08S-30E,J,O,May-09,Jun-11,3450,Y,0,8450,Y
30-005-20008,"$31,900",248802,"CANO PETRO OF NEW MEXICO, INC.",322,307,No,0,CATO SAN ANDRES UNIT #100,P,J-17-08S-30E,J,O,May-09,Jun-11,3450,Y,0,8450,Y
30-005-20009,"$32,428",248802,"CANO PETRO OF NEW MEXICO, INC.",322,307,No,0,CATO SAN ANDRES UNIT #052,P,M-12-08S-30E,M,O,Jul-11,Aug-13,3714,Y,0,8714,Y
30-005-20010,"$31,976",248802,"CANO PETRO OF NEW MEXICO, INC.",322,307,No,0,CATO SAN ANDRES UNIT #101,P,I-17-08S-30E,I,O,Jul-11,Aug-13,3488,Y,0,8488,Y
30-005-20013,"$31,976",248802,"CANO PETRO OF NEW MEXICO, INC.",322,307,No,0,CATO SAN ANDRES UNIT #101,P,I-17-08S-30E,I,O,Jul-11,Aug-13,3488,Y,0,8488,Y
30-005-20015,"$31,976",248802,"CANO PETRO OF NEW MEXICO, INC.",322,307,No,0,CATO SAN ANDRES UNIT #101,P,I-17-08S-30E,I,O,Jul-11,Aug-13,3488,Y,0,8488,Y
30-005-20016,"$31,976",248802,"CANO PETRO OF NEW MEXICO, INC.",322,307,No,0,CATO SAN ANDRES UNIT #101,P,I-17-08S-30E,I,O,Jul-11,Aug-13,3488,Y,0,8488,Y
30-005-20017,"$31,900",248802,"CANO PETRO OF NEW MEXICO, INC.",322,307,No,0,CATO SAN ANDRES UNIT #073,S,A-16-08S-30E,A,O,Jul-11,Aug-13,3450,Y,0,8450,Y
30-005-20018,"$32,020",248802,"CANO PETRO OF NEW MEXICO, INC.",322,307,No,0,CATO SAN ANDRES UNIT #092,S,H-16-08S-30E,H,O,Jun-09,Jul-11,3510,Y,0,8510,Y
30-005-20019,"$31,900",248802,"CANO PETRO OF NEW MEXICO, INC.",322,307,No,0,CATO SAN ANDRES UNIT #070,S,D-16-08S-30E,D,O,Jul-11,Aug-13,3450,Y,0,8450,Y
30-005-20020,"$31,960",248802,"CANO PETRO OF NEW MEXICO, INC.",322,307,No,0,CATO SAN ANDRES UNIT #071,S,C-16-08S-30E,C,O,Jul-11,Aug-13,3480,Y,0,8480,Y
30-005-20021,"$31,920",248802,"CANO PETRO OF NEW MEXICO, INC.",322,307,No,0,CATO SAN ANDRES UNIT #072,S,B-16-08S-30E,B,O,Mar-17,Apr-19,3460,Y,0,0,Y
30-005-20022,"$32,080",248802,"CANO PETRO OF NEW MEXICO, INC.",322,307,No,0,CATO SAN ANDRES UNIT #093,S,G-16-08S-30E,G,O,Jul-11,Aug-13,3540,Y,0,8540,Y
30-005-20023,"$32,012",248802,"CANO PETRO OF NEW MEXICO, INC.",322,307,No,0,CATO SAN ANDRES UNIT #095,S,F-16-08S-30E,F,O,Jul-11,Aug-13,3506,Y,0,8506,Y
30-005-20027,"$43,380",164557,RIDGEWAY ARIZONA OIL CORP.,342,10,No,0,HALEY CHAVEROO SA UNIT #041,S,O-03-08S-33E,O,O,Dec-07,Jan-10,9190,Y,Y,0,0
30-005-20028,"$31,900",248802,"CANO PETRO OF NEW MEXICO, INC.",322,307,No,0,CATO SAN ANDRES UNIT #064,P,M-09-08S-30E,M,O,Jul-16,Aug-18,3450,Y,0,0,Y
30-005-20031,"$31,900",248802,"CANO PETRO OF NEW MEXICO, INC.",322,307,No,0,CATO SAN ANDRES UNIT #064,P,M-09-08S-30E,M,O,Jul-16,Aug-18,3450,Y,0,0,Y
30-005-20032,"$31,994",248802,"CANO PETRO OF NEW MEXICO, INC.",322,307,No,0,CATO SAN ANDRES UNIT #103,S,K-16-08S-30E,K,O,May-09,Jun-11,3497,Y,0,8497,Y
30-005-20033,"$32,120",248802,"CANO PETRO OF NEW MEXICO, INC.",322,307,No,0,CATO SAN ANDRES UNIT #105,S,I-16-08S-30E,I,O,Jul-11,Aug-13,3560,Y,0,8560,Y
30-005-20034,"$32,100",248802,"CANO PETRO OF NEW MEXICO, INC.",322,307,No,0,CATO SAN ANDRES UNIT #122,S,O-16-08S-30E,O,O,May-09,Jun-11,3550,Y,0,8550,Y
30-005-20035,"$32,000",248802,"CANO PETRO OF NEW MEXICO, INC.",322,307,No,0,CATO SAN ANDRES UNIT #124,S,M-16-08S-30E,M,O,May-09,Jun-11,3500,Y,0,8500,Y
30-005-20037,"$32,000",248802,"CANO PETRO OF NEW MEXICO, INC.",322,307,No,0,CATO SAN ANDRES UNIT #124,S,M-16-08S-30E,M,O,May-09,Jun-11,3500,Y,0,8500,Y
30-005-20038,"$32,000",248802,"CANO PETRO OF NEW MEXICO, INC.",322,307,No,0,CATO SAN ANDRES UNIT #124,S,M-16-08S-30E,M,O,May-09,Jun-11,3500,Y,0,8500,Y
30-005-20039,"$32,000",248802,"CANO PETRO OF NEW MEXICO, INC.",322,307,No,0,CATO SAN ANDRES UNIT #102,S,L-16-08S-30E,L,O,Jul-11,Aug-13,3500,Y,0,8500,Y
30-005-20040,"$32,080",248802,"CANO PETRO OF NEW MEXICO, INC.",322,307,No,0,CATO SAN ANDRES UNIT #104,S,J-16-08S-30E,J,O,Jul-11,Aug-13,3540,Y,0,8540,Y
30-005-20041,"$32,196",248802,"CANO PETRO OF NEW MEXICO, INC.",322,307,No,0,CATO SAN ANDRES UNIT #121,S,P-16-08S-30E,P,G,Nov-14,Dec-16,3598,Y,0,8598,Y
30-005-20042,"$32,040",248802,"CANO PETRO OF NEW MEXICO, INC.",322,307,No,0,CATO SAN ANDRES UNIT #123,S,N-16-08S-30E,N,O,May-09,Jun-11,3520,Y,0,8520,Y
30-005-20045,"$32,040",248802,"CANO PETRO OF NEW MEXICO, INC.",322,307,No,0,CATO SAN ANDRES UNIT #123,S,N-16-08S-30E,N,O,May-09,Jun-11,3520,Y,0,8520,Y
30-005-20046,"$32,000",248802,"CANO PETRO OF NEW MEXICO, INC.",322,307,No,0,CATO SAN ANDRES UNIT #035,P,F-09-08S-30E,F,O,Mar-17,Apr-19,3500,Y,0,0,Y
30-005-20047,"$32,000",248802,"CANO PETRO OF NEW MEXICO, INC.",322,307,No,0,CATO SAN ANDRES UNIT #041,P,L-09-08S-30E,L,O,Jul-11,Aug-13,3500,Y,0,8500,Y
30-005-20049,"$31,980",248802,"CANO PETRO OF NEW MEXICO, INC.",322,307,No,0,CATO SAN ANDRES UNIT #063,P,N-09-08S-30E,N,O,Jul-16,Aug-18,3490,Y,0,0,Y
30-005-20054,"$33,820",164557,RIDGEWAY ARIZONA OIL CORP.,342,10,No,0,HALEY CHAVEROO SA UNIT #038,S,I-03-08S-33E,I,O,Apr-07,May-09,4410,Y,Y,0,0
30-005-20056,"$33,820",164557,RIDGEWAY ARIZONA OIL CORP.,342,10,No,0,HALEY CHAVEROO SA UNIT #038,S,I-03-08S-33E,I,O,Apr-07,May-09,4410,Y,Y,0,0
30-005-20058,"$33,820",164557,RIDGEWAY ARIZONA OIL CORP.,342,10,No,0,HALEY CHAVEROO SA UNIT #038,S,I-03-08S-33E,I,O,Apr-07,May-09,4410,Y,Y,0,0
30-005-20065,"$31,700",248802,"CANO PETRO OF NEW MEXICO, INC.",322,307,No,0,CATO SAN ANDRES UNIT #036,P,E-09-08S-30E,E,O,Dec-06,Jan-09,3350,Y,0,8350,Y
30-005-20066,"$32,000",248802,"CANO PETRO OF NEW MEXICO, INC.",322,307,No,0,CATO SAN ANDRES UNIT #014,P,C-09-08S-30E,C,O,Mar-17,Apr-19,3500,Y,0,0,Y
30-005-20067,"$32,000",248802,"CANO PETRO OF NEW MEXICO, INC.",322,307,No,0,CATO SAN ANDRES UNIT #014,P,C-09-08S-30E,C,O,Mar-17,Apr-19,3500,Y,0,0,Y
30-005-20068,"$32,400",248802,"CANO PETRO OF NEW MEXICO, INC.",322,307,No,0,CATO SAN ANDRES UNIT #109,P,I-15-08S-30E,I,O,Jan-18,Feb-20,3700,Y,0,0,Y
30-005-20069,"$32,064",248802,"CANO PETRO OF NEW MEXICO, INC.",322,307,No,0,CATO SAN ANDRES UNIT #021,P,C-11-08S-30E,C,I,Aug-16,Sep-18,3532,Y,0,0,Y
30-005-20071,"$32,400",248802,"CANO PETRO OF NEW MEXICO, INC.",322,307,No,0,CATO SAN ANDRES UNIT #127,P,A-22-08S-30E,A,O,Jul-11,Aug-13,3700,Y,0,8700,Y
30-005-20073,"$32,400",248802,"CANO PETRO OF NEW MEXICO, INC.",322,307,No,0,CATO SAN ANDRES UNIT #127,P,A-22-08S-30E,A,O,Jul-11,Aug-13,3700,Y,0,8700,Y
30-005-20077,"$32,300",248802,"CANO PETRO OF NEW MEXICO, INC.",322,307,No,0,CATO SAN ANDRES UNIT #118,P,P-15-08S-30E,P,O,Nov-14,Dec-16,3650,Y,0,8650,Y
30-005-20082,"$32,400",248802,"CANO PETRO OF NEW MEXICO, INC.",322,307,No,0,CATO SAN ANDRES UNIT #135,P,H-22-08S-30E,H,O,Jul-11,Aug-13,3700,Y,0,8700,Y
30-005-20083,"$32,296",248802,"CANO PETRO OF NEW MEXICO, INC.",322,307,No,0,CATO SAN ANDRES UNIT #126,P,B-22-08S-30E,B,O,Oct-13,Nov-15,3648,Y,0,8650,Y
30-005-20084,"$32,300",248802,"CANO PETRO OF NEW MEXICO, INC.",322,307,No,0,CATO SAN ANDRES UNIT #136,P,G-22-08S-30E,G,O,Aug-16,Sep-18,3650,Y,0,0,Y
30-005-20087,"$32,300",248802,"CANO PETRO OF NEW MEXICO, INC.",322,307,No,0,CATO SAN ANDRES UNIT #136,P,G-22-08S-30E,G,O,Aug-16,Sep-18,3650,Y,0,0,Y
30-005-20088,"$32,062",248802,"CANO PETRO OF NEW MEXICO, INC.",322,307,No,0,CATO SAN ANDRES UNIT #090,P,F-15-08S-30E,F,O,Mar-17,Apr-19,3531,Y,0,0,Y
30-005-20089,"$31,806",248802,"CANO PETRO OF NEW MEXICO, INC.",322,307,No,0,CATO SAN ANDRES UNIT #042,P,K-09-08S-30E,K,O,Jul-11,Aug-13,3403,Y,0,8403,Y
30-005-20090,"$32,116",248802,"CANO PETRO OF NEW MEXICO, INC.",322,307,No,0,CATO SAN ANDRES UNIT #088,P,H-15-08S-30E,H,I,Mar-18,Apr-20,3558,Y,0,0,Y
30-005-20094,"$32,116",248802,"CANO PETRO OF NEW MEXICO, INC.",322,307,No,0,CATO SAN ANDRES UNIT #088,P,H-15-08S-30E,H,I,Mar-18,Apr-20,3558,Y,0,0,Y
30-005-20095,"$32,116",248802,"CANO PETRO OF NEW MEXICO, INC.",322,307,No,0,CATO SAN ANDRES UNIT #088,P,H-15-08S-30E,H,I,Mar-18,Apr-20,3558,Y,0,0,Y
30-005-20096,"$32,116",248802,"CANO PETRO OF NEW MEXICO, INC.",322,307,No,0,CATO SAN ANDRES UNIT #088,P,H-15-08S-30E,H,I,Mar-18,Apr-20,3558,Y,0,0,Y
30-005-20098,"$32,116",248802,"CANO PETRO OF NEW MEXICO, INC.",322,307,No,0,CATO SAN ANDRES UNIT #088,P,H-15-08S-30E,H,I,Mar-18,Apr-20,3558,Y,0,0,Y
30-005-20099,"$32,116",248802,"CANO PETRO OF NEW MEXICO, INC.",322,307,No,0,CATO SAN ANDRES UNIT #088,P,H-15-08S-30E,H,I,Mar-18,Apr-20,3558,Y,0,0,Y
30-005-20100,"$32,116",248802,"CANO PETRO OF NEW MEXICO, INC.",322,307,No,0,CATO SAN ANDRES UNIT #088,P,H-15-08S-30E,H,I,Mar-18,Apr-20,3558,Y,0,0,Y
30-005-20101,"$32,116",248802,"CANO PETRO OF NEW MEXICO, INC.",322,307,No,0,CATO SAN ANDRES UNIT #088,P,H-15-08S-30E,H,I,Mar-18,Apr-20,3558,Y,0,0,Y
30-005-20103,"$32,300",248802,"CANO PETRO OF NEW MEXICO, INC.",322,307,No,0,CATO SAN ANDRES UNIT #119,P,O-15-08S-30E,O,O,Jul-11,Aug-13,3650,Y,0,8650,Y
30-005-20105,"$32,300",248802,"CANO PETRO OF NEW MEXICO, INC.",322,307,No,0,CATO SAN ANDRES UNIT #119,P,O-15-08S-30E,O,O,Jul-11,Aug-13,3650,Y,0,8650,Y
30-005-20109,"$32,220",248802,"CANO PETRO OF NEW MEXICO, INC.",322,307,No,0,CATO SAN ANDRES UNIT #086,P,F-14-08S-30E,F,I,Mar-18,Apr-20,3610,Y,0,0,Y
30-005-20115,"$32,220",248802,"CANO PETRO OF NEW MEXICO, INC.",322,307,No,0,CATO SAN ANDRES UNIT #086,P,F-14-08S-30E,F,I,Mar-18,Apr-20,3610,Y,0,0,Y
30-005-20116,"$32,220",248802,"CANO PETRO OF NEW MEXICO, INC.",322,307,No,0,CATO SAN ANDRES UNIT #086,P,F-14-08S-30E,F,I,Mar-18,Apr-20,3610,Y,0,0,Y
30-005-20117,"$32,220",248802,"CANO PETRO OF NEW MEXICO, INC.",322,307,No,0,CATO SAN ANDRES UNIT #086,P,F-14-08S-30E,F,I,Mar-18,Apr-20,3610,Y,0,0,Y
30-005-20119,"$32,220",248802,"CANO PETRO OF NEW MEXICO, INC.",322,307,No,0,CATO SAN ANDRES UNIT #086,P,F-14-08S-30E,F,I,Mar-18,Apr-20,3610,Y,0,0,Y
30-005-20125,"$32,220",248802,"CANO PETRO OF NEW MEXICO, INC.",322,307,No,0,CATO SAN ANDRES UNIT #086,P,F-14-08S-30E,F,I,Mar-18,Apr-20,3610,Y,0,0,Y
30-005-20126,"$32,220",248802,"CANO PETRO OF NEW MEXICO, INC.",322,307,No,0,CATO SAN ANDRES UNIT #086,P,F-14-08S-30E,F,I,Mar-18,Apr-20,3610,Y,0,0,Y
30-005-20127,"$32,220",248802,"CANO PETRO OF NEW MEXICO, INC.",322,307,No,0,CATO SAN ANDRES UNIT #086,P,F-14-08S-30E,F,I,Mar-18,Apr-20,3610,Y,0,0,Y
30-005-20129,"$32,220",248802,"CANO PETRO OF NEW MEXICO, INC.",322,307,No,0,CATO SAN ANDRES UNIT #086,P,F-14-08S-30E,F,I,Mar-18,Apr-20,3610,Y,0,0,Y
30-005-20130,"$31,890",248802,"CANO PETRO OF NEW MEXICO, INC.",322,307,No,0,CATO SAN ANDRES UNIT #045,P,L-10-08S-30E,L,O,Jun-09,Jul-11,3445,Y,0,8445,Y
30-005-20131,"$31,890",248802,"CANO PETRO OF NEW MEXICO, INC.",322,307,No,0,CATO SAN ANDRES UNIT #045,P,L-10-08S-30E,L,O,Jun-09,Jul-11,3445,Y,0,8445,Y
30-005-20133,"$31,890",248802,"CANO PETRO OF NEW MEXICO, INC.",322,307,No,0,CATO SAN ANDRES UNIT #045,P,L-10-08S-30E,L,O,Jun-09,Jul-11,3445,Y,0,8445,Y
30-005-20137,"$31,890",248802,"CANO PETRO OF NEW MEXICO, INC.",322,307,No,0,CATO SAN ANDRES UNIT #045,P,L-10-08S-30E,L,O,Jun-09,Jul-11,3445,Y,0,8445,Y
30-005-20139,"$31,890",248802,"CANO PETRO OF NEW MEXICO, INC.",322,307,No,0,CATO SAN ANDRES UNIT #045,P,L-10-08S-30E,L,O,Jun-09,Jul-11,3445,Y,0,8445,Y
30-005-20140,"$31,890",248802,"CANO PETRO OF NEW MEXICO, INC.",322,307,No,0,CATO SAN ANDRES UNIT #045,P,L-10-08S-30E,L,O,Jun-09,Jul-11,3445,Y,0,8445,Y
30-005-20141,"$31,890",248802,"CANO PETRO OF NEW MEXICO, INC.",322,307,No,0,CATO SAN ANDRES UNIT #045,P,L-10-08S-30E,L,O,Jun-09,Jul-11,3445,Y,0,8445,Y
30-005-20142,"$31,768",248802,"CANO PETRO OF NEW MEXICO, INC.",322,307,No,0,CATO SAN ANDRES UNIT #013,P,D-09-08S-30E,D,O,Mar-17,Apr-19,3384,Y,0,0,Y
30-005-20144,"$31,768",248802,"CANO PETRO OF NEW MEXICO, INC.",322,307,No,0,CATO SAN ANDRES UNIT #013,P,D-09-08S-30E,D,O,Mar-17,Apr-19,3384,Y,0,0,Y
30-005-20146,"$31,768",248802,"CANO PETRO OF NEW MEXICO, INC.",322,307,No,0,CATO SAN ANDRES UNIT #013,P,D-09-08S-30E,D,O,Mar-17,Apr-19,3384,Y,0,0,Y
30-005-20150,"$31,768",248802,"CANO PETRO OF NEW MEXICO, INC.",322,307,No,0,CATO SAN ANDRES UNIT #013,P,D-09-08S-30E,D,O,Mar-17,Apr-19,3384,Y,0,0,Y
30-005-20151,"$31,768",248802,"CANO PETRO OF NEW MEXICO, INC.",322,307,No,0,CATO SAN ANDRES UNIT #013,P,D-09-08S-30E,D,O,Mar-17,Apr-19,3384,Y,0,0,Y
30-005-20152,"$31,768",248802,"CANO PETRO OF NEW MEXICO, INC.",322,307,No,0,CATO SAN ANDRES UNIT #013,P,D-09-08S-30E,D,O,Mar-17,Apr-19,3384,Y,0,0,Y
30-005-20153,"$31,768",248802,"CANO PETRO OF NEW MEXICO, INC.",322,307,No,0,CATO SAN ANDRES UNIT #013,P,D-09-08S-30E,D,O,Mar-17,Apr-19,3384,Y,0,0,Y
30-005-20156,"$31,768",248802,"CANO PETRO OF NEW MEXICO, INC.",322,307,No,0,CATO SAN ANDRES UNIT #013,P,D-09-08S-30E,D,O,Mar-17,Apr-19,3384,Y,0,0,Y
30-005-20160,"$31,996",248802,"CANO PETRO OF NEW MEXICO, INC.",322,307,No,0,CATO SAN ANDRES UNIT #008,P,P-03-08S-30E,P,O,Nov-14,Dec-16,3498,Y,0,8498,Y
30-005-20161,"$31,774",248802,"CANO PETRO OF NEW MEXICO, INC.",322,307,No,0,CATO SAN ANDRES UNIT #010,P,M-04-08S-30E,M,O,Mar-17,Apr-19,3387,Y,0,0,Y
30-005-20162,"$31,774",248802,"CANO PETRO OF NEW MEXICO, INC.",322,307,No,0,CATO SAN ANDRES UNIT #010,P,M-04-08S-30E,M,O,Mar-17,Apr-19,3387,Y,0,0,Y
30-005-20164,"$31,774",248802,"CANO PETRO OF NEW MEXICO, INC.",322,307,No,0,CATO SAN ANDRES UNIT #010,P,M-04-08S-30E,M,O,Mar-17,Apr-19,3387,Y,0,0,Y
30-005-20167,"$31,774",248802,"CANO PETRO OF NEW MEXICO, INC.",322,307,No,0,CATO SAN ANDRES UNIT #010,P,M-04-08S-30E,M,O,Mar-17,Apr-19,3387,Y,0,0,Y
30-005-20169,"$31,774",248802,"CANO PETRO OF NEW MEXICO, INC.",322,307,No,0,CATO SAN ANDRES UNIT #010,P,M-04-08S-30E,M,O,Mar-17,Apr-19,3387,Y,0,0,Y
30-005-20170,"$31,906",248802,"CANO PETRO OF NEW MEXICO, INC.",322,307,No,0,CATO SAN ANDRES UNIT #031,P,F-10-08S-30E,F,O,Sep-09,Oct-11,3453,Y,0,8453,Y
30-005-20172,"$31,906",248802,"CANO PETRO OF NEW MEXICO, INC.",322,307,No,0,CATO SAN ANDRES UNIT #031,P,F-10-08S-30E,F,O,Sep-09,Oct-11,3453,Y,0,8453,Y
30-005-20174,"$32,348",248802,"CANO PETRO OF NEW MEXICO, INC.",322,307,No,0,CATO SAN ANDRES UNIT #084,P,H-14-08S-30E,H,I,Mar-18,Apr-20,3674,Y,0,0,Y
30-005-20178,"$32,348",248802,"CANO PETRO OF NEW MEXICO, INC.",322,307,No,0,CATO SAN ANDRES UNIT #084,P,H-14-08S-30E,H,I,Mar-18,Apr-20,3674,Y,0,0,Y
30-005-20179,"$32,348",248802,"CANO PETRO OF NEW MEXICO, INC.",322,307,No,0,CATO SAN ANDRES UNIT #084,P,H-14-08S-30E,H,I,Mar-18,Apr-20,3674,Y,0,0,Y
30-005-20180,"$32,348",248802,"CANO PETRO OF NEW MEXICO, INC.",322,307,No,0,CATO SAN ANDRES UNIT #084,P,H-14-08S-30E,H,I,Mar-18,Apr-20,3674,Y,0,0,Y
30-005-20182,"$32,348",248802,"CANO PETRO OF NEW MEXICO, INC.",322,307,No,0,CATO SAN ANDRES UNIT #084,P,H-14-08S-30E,H,I,Mar-18,Apr-20,3674,Y,0,0,Y
30-005-20186,"$32,348",248802,"CANO PETRO OF NEW MEXICO, INC.",322,307,No,0,CATO SAN ANDRES UNIT #084,P,H-14-08S-30E,H,I,Mar-18,Apr-20,3674,Y,0,0,Y
30-005-20187,"$32,348",248802,"CANO PETRO OF NEW MEXICO, INC.",322,307,No,0,CATO SAN ANDRES UNIT #084,P,H-14-08S-30E,H,I,Mar-18,Apr-20,3674,Y,0,0,Y
30-005-20188,"$32,348",248802,"CANO PETRO OF NEW MEXICO, INC.",322,307,No,0,CATO SAN ANDRES UNIT #084,P,H-14-08S-30E,H,I,Mar-18,Apr-20,3674,Y,0,0,Y
30-005-20189,"$32,348",248802,"CANO PETRO OF NEW MEXICO, INC.",322,307,No,0,CATO SAN ANDRES UNIT #084,P,H-14-08S-30E,H,I,Mar-18,Apr-20,3674,Y,0,0,Y
30-005-20190,"$32,348",248802,"CANO PETRO OF NEW MEXICO, INC.",322,307,No,0,CATO SAN ANDRES UNIT #084,P,H-14-08S-30E,H,I,Mar-18,Apr-20,3674,Y,0,0,Y
30-005-20191,"$32,348",248802,"CANO PETRO OF NEW MEXICO, INC.",322,307,No,0,CATO SAN ANDRES UNIT #084,P,H-14-08S-30E,H,I,Mar-18,Apr-20,3674,Y,0,0,Y
30-005-20192,"$32,348",248802,"CANO PETRO OF NEW MEXICO, INC.",322,307,No,0,CATO SAN ANDRES UNIT #084,P,H-14-08S-30E,H,I,Mar-18,Apr-20,3674,Y,0,0,Y
30-005-20193,"$32,348",248802,"CANO PETRO OF NEW MEXICO, INC.",322,307,No,0,CATO SAN ANDRES UNIT #084,P,H-14-08S-30E,H,I,Mar-18,Apr-20,3674,Y,0,0,Y
30-005-20197,"$32,348",248802,"CANO PETRO OF NEW MEXICO, INC.",322,307,No,0,CATO SAN ANDRES UNIT #084,P,H-14-08S-30E,H,I,Mar-18,Apr-20,3674,Y,0,0,Y
30-005-20204,"$32,348",248802,"CANO PETRO OF NEW MEXICO, INC.",322,307,No,0,CATO SAN ANDRES UNIT #084,P,H-14-08S-30E,H,I,Mar-18,Apr-20,3674,Y,0,0,Y
30-005-20207,"$32,348",248802,"CANO PETRO OF NEW MEXICO, INC.",322,307,No,0,CATO SAN ANDRES UNIT #084,P,H-14-08S-30E,H,I,Mar-18,Apr-20,3674,Y,0,0,Y
30-005-20211,"$32,348",248802,"CANO PETRO OF NEW MEXICO, INC.",322,307,No,0,CATO SAN ANDRES UNIT #084,P,H-14-08S-30E,H,I,Mar-18,Apr-20,3674,Y,0,0,Y
30-005-20215,"$32,348",248802,"CANO PETRO OF NEW MEXICO, INC.",322,307,No,0,CATO SAN ANDRES UNIT #084,P,H-14-08S-30E,H,I,Mar-18,Apr-20,3674,Y,0,0,Y
30-005-20217,"$32,348",248802,"CANO PETRO OF NEW MEXICO, INC.",322,307,No,0,CATO SAN ANDRES UNIT #084,P,H-14-08S-30E,H,I,Mar-18,Apr-20,3674,Y,0,0,Y
30-005-20224,"$32,348",248802,"CANO PETRO OF NEW MEXICO, INC.",322,307,No,0,CATO SAN ANDRES UNIT #084,P,H-14-08S-30E,H,I,Mar-18,Apr-20,3674,Y,0,0,Y
30-005-20230,"$32,014",248802,"CANO PETRO OF NEW MEXICO, INC.",322,307,No,0,CATO SAN ANDRES UNIT #197,P,I-05-09S-30E,I,O,Jul-02,Aug-04,3507,Y,0,8507,Y
30-005-20236,"$31,900",248802,"CANO PETRO OF NEW MEXICO, INC.",322,307,No,0,CATO SAN ANDRES UNIT #068,P,B-17-08S-30E,B,O,Jul-16,Aug-18,3450,Y,0,0,Y
30-005-20241,"$31,826",248802,"CANO PETRO OF NEW MEXICO, INC.",322,307,No,0,CATO SAN ANDRES UNIT #203,P,A-08-09S-30E,A,O,Jun-03,Jul-05,3413,Y,0,8413,Y
30-005-20243,"$31,826",248802,"CANO PETRO OF NEW MEXICO, INC.",322,307,No,0,CATO SAN ANDRES UNIT #203,P,A-08-09S-30E,A,O,Jun-03,Jul-05,3413,Y,0,8413,Y
30-005-20257,"$31,826",248802,"CANO PETRO OF NEW MEXICO, INC.",322,307,No,0,CATO SAN ANDRES UNIT #203,P,A-08-09S-30E,A,O,Jun-03,Jul-05,3413,Y,0,8413,Y
30-005-20260,"$31,826",248802,"CANO PETRO OF NEW MEXICO, INC.",322,307,No,0,CATO SAN ANDRES UNIT #203,P,A-08-09S-30E,A,O,Jun-03,Jul-05,3413,Y,0,8413,Y
30-005-20261,"$31,960",248802,"CANO PETRO OF NEW MEXICO, INC.",322,307,No,0,CATO SAN ANDRES UNIT #189,P,F-05-09S-30E,F,O,Jun-01,Jul-03,3480,Y,0,8480,Y
30-005-20267,"$31,960",248802,"CANO PETRO OF NEW MEXICO, INC.",322,307,No,0,CATO SAN ANDRES UNIT #189,P,F-05-09S-30E,F,O,Jun-01,Jul-03,3480,Y,0,8480,Y
30-005-20271,"$31,984",248802,"CANO PETRO OF NEW MEXICO, INC.",322,307,No,0,CATO SAN ANDRES UNIT #005,S,L-02-08S-30E,L,O,Nov-14,Dec-16,3492,Y,0,8492,Y
30-005-20272,"$31,658",248802,"CANO PETRO OF NEW MEXICO, INC.",322,307,No,0,CATO SAN ANDRES UNIT #195,P,K-05-09S-30E,K,O,Apr-99,May-01,3329,Y,0,8329,Y
30-005-20273,"$31,658",248802,"CANO PETRO OF NEW MEXICO, INC.",322,307,No,0,CATO SAN ANDRES UNIT #195,P,K-05-09S-30E,K,O,Apr-99,May-01,3329,Y,0,8329,Y
30-005-20282,"$31,658",248802,"CANO PETRO OF NEW MEXICO, INC.",322,307,No,0,CATO SAN ANDRES UNIT #195,P,K-05-09S-30E,K,O,Apr-99,May-01,3329,Y,0,8329,Y
30-005-20292,"$33,836",164557,RIDGEWAY ARIZONA OIL CORP.,342,10,No,0,STATE I #003,S,K-04-08S-33E,K,O,Sep-07,Oct-09,4418,Y,Y,0,0
30-005-20293,"$32,330",248802,"CANO PETRO OF NEW MEXICO, INC.",322,307,No,0,CATO SAN ANDRES UNIT #053,P,P-11-08S-30E,P,O,Jul-04,Aug-06,3665,Y,0,8665,Y
30-005-20294,"$32,284",248802,"CANO PETRO OF NEW MEXICO, INC.",322,307,No,0,CATO SAN ANDRES UNIT #025,P,H-11-08S-30E,H,O,Jul-11,Aug-13,3642,Y,0,8642,Y
30-005-20297,"$32,284",248802,"CANO PETRO OF NEW MEXICO, INC.",322,307,No,0,CATO SAN ANDRES UNIT #025,P,H-11-08S-30E,H,O,Jul-11,Aug-13,3642,Y,0,8642,Y
30-005-20305,"$32,284",248802,"CANO PETRO OF NEW MEXICO, INC.",322,307,No,0,CATO SAN ANDRES UNIT #025,P,H-11-08S-30E,H,O,Jul-11,Aug-13,3642,Y,0,8642,Y
30-005-20314,"$33,840",164557,RIDGEWAY ARIZONA OIL CORP.,342,10,No,303393,MWJ STATE #001,S,1-02-08S-32E,A,O,Dec-99,Jan-02,4420,Y,Y,0,0
30-005-20327,"$28,990",269864,CANYON E & P COMPANY,208,102,No,0,DOUBLE L QUEEN UNIT #001Q,P,4-06-15S-30E,D,O,May-10,Jun-12,1995,Y,0,0,Y
30-005-20332,"$29,002",269864,CANYON E & P COMPANY,208,102,No,0,DOUBLE L QUEEN UNIT #001P,P,2-06-15S-30E,B,O,Oct-12,Nov-14,2001,Y,0,0,Y
30-005-20334,"$29,000",269864,CANYON E & P COMPANY,208,102,No,0,DOUBLE L QUEEN UNIT #002Q,P,5-06-15S-30E,E,O,Mar-11,Apr-13,2000,Y,0,0,Y
30-005-20337,"$29,042",269864,CANYON E & P COMPANY,208,102,No,0,DOUBLE L QUEEN UNIT #002P,P,G-06-15S-30E,G,O,Jun-11,Jul-13,2021,Y,0,0,Y
30-005-20338,"$29,060",269864,CANYON E & P COMPANY,208,102,No,0,DOUBLE L QUEEN UNIT #003Q,P,3-06-15S-30E,C,I,Jan-02,Feb-04,2030,Y,0,0,Y
30-005-20339,"$29,070",269864,CANYON E & P COMPANY,208,102,No,0,DOUBLE L QUEEN UNIT #004Q,P,F-06-15S-30E,F,I,Feb-03,Mar-05,2035,Y,0,0,Y
30-005-20346,"$29,096",269864,CANYON E & P COMPANY,208,102,No,0,DOUBLE L QUEEN UNIT #003L,P,1-06-15S-30E,A,I,Feb-03,Mar-05,2048,Y,0,0,Y
30-005-20455,"$32,500",258867,"STEVENSON OIL COMPANY, INC.",21,2,Yes,0,NEW MEXICO J STATE #002,S,F-36-07S-30E,F,O,Jul-20,Aug-22,3750,0,0,0,0
30-005-20458,"$32,500",258867,"STEVENSON OIL COMPANY, INC.",21,2,Yes,0,NEW MEXICO J STATE #002,S,F-36-07S-30E,F,O,Jul-20,Aug-22,3750,0,0,0,0
30-005-20472,"$31,728",248802,"CANO PETRO OF NEW MEXICO, INC.",322,307,No,0,CATO SAN ANDRES UNIT #201,P,D-08-09S-30E,D,O,Apr-99,May-01,3364,Y,0,8364,Y
30-005-20482,"$43,500",7377,EOG RESOURCES INC,2977,0,Yes,324105,LOVELADY SWD #001,S,J-31-08S-33E,J,S,Mar-20,Apr-22,9250,0,0,0,0
30-005-20484,"$43,500",7377,EOG RESOURCES INC,2977,0,Yes,324105,LOVELADY SWD #001,S,J-31-08S-33E,J,S,Mar-20,Apr-22,9250,0,0,0,0
30-005-20486,"$43,500",7377,EOG RESOURCES INC,2977,0,Yes,324105,LOVELADY SWD #001,S,J-31-08S-33E,J,S,Mar-20,Apr-22,9250,0,0,0,0
30-005-20488,"$43,500",7377,EOG RESOURCES INC,2977,0,Yes,324105,LOVELADY SWD #001,S,J-31-08S-33E,J,S,Mar-20,Apr-22,9250,0,0,0,0
30-005-20492,"$43,500",7377,EOG RESOURCES INC,2977,0,Yes,324105,LOVELADY SWD #001,S,J-31-08S-33E,J,S,Mar-20,Apr-22,9250,0,0,0,0
30-005-20493,"$43,500",7377,EOG RESOURCES INC,2977,0,Yes,324105,LOVELADY SWD #001,S,J-31-08S-33E,J,S,Mar-20,Apr-22,9250,0,0,0,0
30-005-20494,"$43,500",7377,EOG RESOURCES INC,2977,0,Yes,324105,LOVELADY SWD #001,S,J-31-08S-33E,J,S,Mar-20,Apr-22,9250,0,0,0,0
30-005-20500,"$43,500",7377,EOG RESOURCES INC,2977,0,Yes,324105,LOVELADY SWD #001,S,J-31-08S-33E,J,S,Mar-20,Apr-22,9250,0,0,0,0
30-005-20501,"$43,500",7377,EOG RESOURCES INC,2977,0,Yes,324105,LOVELADY SWD #001,S,J-31-08S-33E,J,S,Mar-20,Apr-22,9250,0,0,0,0
30-005-20502,"$43,500",7377,EOG RESOURCES INC,2977,0,Yes,324105,LOVELADY SWD #001,S,J-31-08S-33E,J,S,Mar-20,Apr-22,9250,0,0,0,0
30-005-20524,"$33,900",164557,RIDGEWAY ARIZONA OIL CORP.,342,10,No,303386,LEVICK 6 STATE #001,S,K-06-08S-33E,K,O,Feb-07,Mar-09,4450,Y,Y,0,0
30-005-20526,"$31,720",248802,"CANO PETRO OF NEW MEXICO, INC.",322,307,No,0,CATO SAN ANDRES UNIT #191,P,H-06-09S-30E,H,O,Jan-05,Feb-07,3360,Y,0,8360,Y
30-005-20541,"$32,720",248802,"CANO PETRO OF NEW MEXICO, INC.",322,307,No,303564,GRAVES #001,P,J-06-08S-31E,J,O,Nov-09,Dec-11,3860,Y,0,8860,Y
30-005-20544,"$31,950",248802,"CANO PETRO OF NEW MEXICO, INC.",322,307,No,0,CATO SAN ANDRES UNIT #190,P,E-05-09S-30E,E,O,Jan-05,Feb-07,3475,Y,0,8475,Y
30-005-20545,"$31,830",248802,"CANO PETRO OF NEW MEXICO, INC.",322,307,No,0,CATO SAN ANDRES UNIT #183,P,3-05-09S-30E,C,O,May-09,Jun-11,3415,Y,0,8415,Y
30-005-20546,"$31,740",248802,"CANO PETRO OF NEW MEXICO, INC.",322,307,No,0,CATO SAN ANDRES UNIT #194,P,L-05-09S-30E,L,O,Oct-03,Nov-05,3370,Y,0,8370,Y
30-005-20549,"$32,620",248802,"CANO PETRO OF NEW MEXICO, INC.",322,307,No,0,GRAVES #002,P,K-06-08S-31E,K,O,Aug-04,Sep-06,3810,Y,0,8810,Y
30-005-20556,"$33,900",164557,RIDGEWAY ARIZONA OIL CORP.,342,10,No,0,STATE 5-8-33 #010,S,I-05-08S-33E,I,O,Jan-08,Feb-10,4450,Y,Y,0,0
30-005-20557,"$33,900",164557,RIDGEWAY ARIZONA OIL CORP.,342,10,No,0,STATE 5-8-33 #010,S,I-05-08S-33E,I,O,Jan-08,Feb-10,4450,Y,Y,0,0
30-005-20577,"$32,556",248802,"CANO PETRO OF NEW MEXICO, INC.",322,307,No,0,GRAVES #003,P,6-06-08S-31E,L,O,Sep-04,Oct-06,3778,Y,0,8778,Y
30-005-20579,"$32,720",248802,"CANO PETRO OF NEW MEXICO, INC.",322,307,No,0,GRAVES #005,P,N-06-08S-31E,N,O,Sep-04,Oct-06,3860,Y,0,8860,Y
30-005-20580,"$32,700",248802,"CANO PETRO OF NEW MEXICO, INC.",322,307,No,0,GRAVES #006,P,O-06-08S-31E,O,O,Jul-03,Aug-05,3850,Y,0,8850,Y
30-005-20584,"$32,700",248802,"CANO PETRO OF NEW MEXICO, INC.",322,307,No,0,GRAVES #006,P,O-06-08S-31E,O,O,Jul-03,Aug-05,3850,Y,0,8850,Y
30-005-20585,"$32,700",248802,"CANO PETRO OF NEW MEXICO, INC.",322,307,No,0,GRAVES #006,P,O-06-08S-31E,O,O,Jul-03,Aug-05,3850,Y,0,8850,Y
30-005-20588,"$32,700",248802,"CANO PETRO OF NEW MEXICO, INC.",322,307,No,0,GRAVES #006,P,O-06-08S-31E,O,O,Jul-03,Aug-05,3850,Y,0,8850,Y
30-005-20596,"$33,970",164557,RIDGEWAY ARIZONA OIL CORP.,342,10,No,0,STATE I #004,S,L-04-08S-33E,L,O,Sep-07,Oct-09,4485,Y,Y,0,0
30-005-20597,"$31,900",248802,"CANO PETRO OF NEW MEXICO, INC.",322,307,No,0,CATO SAN ANDRES UNIT #199,P,M-05-09S-30E,M,O,Apr-99,May-01,3450,Y,0,8450,Y
30-005-20598,"$31,900",248802,"CANO PETRO OF NEW MEXICO, INC.",322,307,No,0,CATO SAN ANDRES UNIT #196,P,J-05-09S-30E,J,O,Aug-02,Sep-04,3450,Y,0,8450,Y
30-005-20599,"$31,900",248802,"CANO PETRO OF NEW MEXICO, INC.",322,307,No,0,CATO SAN ANDRES UNIT #196,P,J-05-09S-30E,J,O,Aug-02,Sep-04,3450,Y,0,8450,Y
30-005-20605,"$31,900",248802,"CANO PETRO OF NEW MEXICO, INC.",322,307,No,0,CATO SAN ANDRES UNIT #196,P,J-05-09S-30E,J,O,Aug-02,Sep-04,3450,Y,0,8450,Y
30-005-20606,"$31,900",248802,"CANO PETRO OF NEW MEXICO, INC.",322,307,No,0,CATO SAN ANDRES UNIT #196,P,J-05-09S-30E,J,O,Aug-02,Sep-04,3450,Y,0,8450,Y
30-005-20607,"$32,746",248802,"CANO PETRO OF NEW MEXICO, INC.",322,307,No,0,GRAVES #007,P,I-06-08S-31E,I,O,Nov-09,Dec-11,3873,Y,0,8873,Y
30-005-20610,"$32,746",248802,"CANO PETRO OF NEW MEXICO, INC.",322,307,No,0,GRAVES #007,P,I-06-08S-31E,I,O,Nov-09,Dec-11,3873,Y,0,8873,Y
30-005-20611,"$32,746",248802,"CANO PETRO OF NEW MEXICO, INC.",322,307,No,0,GRAVES #007,P,I-06-08S-31E,I,O,Nov-09,Dec-11,3873,Y,0,8873,Y
30-005-20613,"$32,746",248802,"CANO PETRO OF NEW MEXICO, INC.",322,307,No,0,GRAVES #007,P,I-06-08S-31E,I,O,Nov-09,Dec-11,3873,Y,0,8873,Y
30-005-20617,"$32,746",248802,"CANO PETRO OF NEW MEXICO, INC.",322,307,No,0,GRAVES #007,P,I-06-08S-31E,I,O,Nov-09,Dec-11,3873,Y,0,8873,Y
30-005-20621,"$32,814",248802,"CANO PETRO OF NEW MEXICO, INC.",322,307,No,0,GRAVES #008,P,P-06-08S-31E,P,O,Oct-03,Nov-05,3907,Y,0,8907,Y
30-005-20622,"$32,814",248802,"CANO PETRO OF NEW MEXICO, INC.",322,307,No,0,GRAVES #008,P,P-06-08S-31E,P,O,Oct-03,Nov-05,3907,Y,0,8907,Y
30-005-20633,"$32,814",248802,"CANO PETRO OF NEW MEXICO, INC.",322,307,No,0,GRAVES #008,P,P-06-08S-31E,P,O,Oct-03,Nov-05,3907,Y,0,8907,Y
30-005-20635,"$32,814",248802,"CANO PETRO OF NEW MEXICO, INC.",322,307,No,0,GRAVES #008,P,P-06-08S-31E,P,O,Oct-03,Nov-05,3907,Y,0,8907,Y
30-005-20639,"$33,676",164557,RIDGEWAY ARIZONA OIL CORP.,342,10,No,0,CHAVEROO STATE #003,S,4-02-08S-32E,D,O,Jul-20,Aug-22,4338,0,0,0,0
30-005-20640,"$33,676",164557,RIDGEWAY ARIZONA OIL CORP.,342,10,No,0,CHAVEROO STATE #003,S,4-02-08S-32E,D,O,Jul-20,Aug-22,4338,0,0,0,0
30-005-20646,"$50,400",7377,EOG RESOURCES INC,2977,0,Yes,324216,MOPED BQP STATE #001,S,O-26-15S-31E,O,O,Apr-20,May-22,12700,0,0,0,0
30-005-20647,"$50,400",7377,EOG RESOURCES INC,2977,0,Yes,324216,MOPED BQP STATE #001,S,O-26-15S-31E,O,O,Apr-20,May-22,12700,0,0,0,0
30-005-20652,"$46,670",7377,EOG RESOURCES INC,2977,0,Yes,323565,COWDREY BBQ STATE #001,S,E-11-09S-31E,E,G,Sep-19,Oct-21,10835,0,0,0,0
30-005-20671,"$33,200",286614,"CROSS BORDER RESOURCES, INC.",61,12,No,0,SOUTHARD 26 #003,P,F-26-07S-31E,F,O,Jun-20,Jul-22,4100,0,0,0,0
30-005-20677,"$32,100",248802,"CANO PETRO OF NEW MEXICO, INC.",322,307,No,0,CATO SAN ANDRES UNIT #094,S,G-16-08S-30E,G,I,Jun-15,Jul-17,3550,Y,0,0,Y
30-005-20678,"$31,700",248802,"CANO PETRO OF NEW MEXICO, INC.",322,307,No,0,CATO SAN ANDRES UNIT #003,P,E-04-08S-30E,E,O,Jan-17,Feb-19,3350,Y,0,0,Y
30-005-20682,"$31,700",248802,"CANO PETRO OF NEW MEXICO, INC.",322,307,No,0,CATO SAN ANDRES UNIT #003,P,E-04-08S-30E,E,O,Jan-17,Feb-19,3350,Y,0,0,Y
30-005-20698,"$33,632",164557,RIDGEWAY ARIZONA OIL CORP.,342,10,No,0,CHAVEROO SAN ANDRES UNIT #021,P,J-03-08S-32E,J,O,Mar-20,Apr-22,4316,0,0,0,0
30-005-20702,"$33,632",164557,RIDGEWAY ARIZONA OIL CORP.,342,10,No,0,CHAVEROO SAN ANDRES UNIT #021,P,J-03-08S-32E,J,O,Mar-20,Apr-22,4316,0,0,0,0
30-005-20703,"$33,632",164557,RIDGEWAY ARIZONA OIL CORP.,342,10,No,0,CHAVEROO SAN ANDRES UNIT #021,P,J-03-08S-32E,J,O,Mar-20,Apr-22,4316,0,0,0,0
30-005-20704,"$33,632",164557,RIDGEWAY ARIZONA OIL CORP.,342,10,No,0,CHAVEROO SAN ANDRES UNIT #021,P,J-03-08S-32E,J,O,Mar-20,Apr-22,4316,0,0,0,0
30-005-20705,"$33,632",164557,RIDGEWAY ARIZONA OIL CORP.,342,10,No,0,CHAVEROO SAN ANDRES UNIT #021,P,J-03-08S-32E,J,O,Mar-20,Apr-22,4316,0,0,0,0
30-005-20743,"$33,320",286614,"CROSS BORDER RESOURCES, INC.",61,12,No,310387,NUCKOLS 24 #001,P,M-24-07S-31E,M,O,Jun-20,Jul-22,4160,0,0,0,0
30-005-20744,"$33,320",286614,"CROSS BORDER RESOURCES, INC.",61,12,No,310387,NUCKOLS 24 #001,P,M-24-07S-31E,M,O,Jun-20,Jul-22,4160,0,0,0,0
30-005-20745,"$33,320",286614,"CROSS BORDER RESOURCES, INC.",61,12,No,310387,NUCKOLS 24 #001,P,M-24-07S-31E,M,O,Jun-20,Jul-22,4160,0,0,0,0
30-005-20782,"$33,000",195670,"ROBERTSON RESOURCES, INC",16,1,Yes,327254,SABINE #001,P,N-29-07S-31E,N,O,Jul-20,Aug-22,4000,0,0,0,0
30-005-20783,"$33,000",195670,"ROBERTSON RESOURCES, INC",16,1,Yes,327254,SABINE #001,P,N-29-07S-31E,N,O,Jul-20,Aug-22,4000,0,0,0,0
30-005-20838,"$33,400",286614,"CROSS BORDER RESOURCES, INC.",61,12,No,0,LOVELESS LQ STATE #008,S,N-36-07S-31E,N,O,Jun-20,Jul-22,4200,0,0,0,0
30-005-20886,"$33,980",190595,"ENDEAVOR ENERGY RESOURCES, LP",116,9,No,0,CONOCO #004,P,O-15-08S-33E,O,O,Apr-20,May-22,4490,0,0,0,0
30-005-20890,"$33,980",190595,"ENDEAVOR ENERGY RESOURCES, LP",116,9,No,0,CONOCO #004,P,O-15-08S-33E,O,O,Apr-20,May-22,4490,0,0,0,0
30-005-20904,"$33,660",164557,RIDGEWAY ARIZONA OIL CORP.,342,10,No,0,CHAVEROO SAN ANDRES UNIT #028,P,C-10-08S-32E,C,O,Apr-08,May-10,4330,Y,Y,0,0
30-005-20910,"$34,000",190595,"ENDEAVOR ENERGY RESOURCES, LP",116,9,No,305218,YOAKUM #001,P,K-15-08S-33E,K,O,Jun-96,Jul-98,4500,Y,Y,0,0
30-005-20932,"$31,890",248802,"CANO PETRO OF NEW MEXICO, INC.",322,307,No,0,CATO SAN ANDRES UNIT #002,P,G-03-08S-30E,G,O,Mar-15,Apr-17,3445,Y,0,8445,Y
30-005-20945,"$32,800",286614,"CROSS BORDER RESOURCES, INC.",61,12,No,310386,NEW MEXICO BA STATE #001,S,D-16-08S-31E,D,O,Feb-17,Mar-19,3900,Y,0,8900,Y
30-005-20947,"$32,800",286614,"CROSS BORDER RESOURCES, INC.",61,12,No,310386,NEW MEXICO BA STATE #001,S,D-16-08S-31E,D,O,Feb-17,Mar-19,3900,Y,0,8900,Y
30-005-20974,"$32,800",286614,"CROSS BORDER RESOURCES, INC.",61,12,No,310386,NEW MEXICO BA STATE #001,S,D-16-08S-31E,D,O,Feb-17,Mar-19,3900,Y,0,8900,Y
30-005-20984,"$28,988",269864,CANYON E & P COMPANY,208,102,No,0,DOUBLE L QUEEN UNIT #005Q,P,F-06-15S-30E,F,O,May-10,Jun-12,1994,Y,0,6994,Y
30-005-21025,"$32,750",286614,"CROSS BORDER RESOURCES, INC.",61,12,No,0,NEW MEXICO BA STATE #004,S,K-16-08S-31E,K,O,Feb-17,Mar-19,3875,Y,0,0,Y
30-005-21031,"$48,000",215099,CIMAREX ENERGY CO.,435,3,Yes,307115,L WRINKLE #001,P,D-13-15S-31E,D,O,Mar-19,Apr-21,11500,0,0,0,0
30-005-21163,"$31,894",248802,"CANO PETRO OF NEW MEXICO, INC.",322,307,No,0,CATO SAN ANDRES UNIT #302,P,C-09-08S-30E,C,O,Jul-16,Aug-18,3447,Y,0,0,Y
30-005-21164,"$31,896",248802,"CANO PETRO OF NEW MEXICO, INC.",322,307,No,0,CATO SAN ANDRES UNIT #328,P,M-09-08S-30E,M,O,Jul-16,Aug-18,3448,Y,0,0,Y
30-005-21165,"$32,120",248802,"CANO PETRO OF NEW MEXICO, INC.",322,307,No,0,CATO SAN ANDRES UNIT #330,P,I-09-08S-30E,I,O,Mar-17,Apr-19,3560,Y,0,0,Y
30-005-21167,"$32,104",248802,"CANO PETRO OF NEW MEXICO, INC.",322,307,No,0,CATO SAN ANDRES UNIT #355,S,E-16-08S-30E,E,O,Jul-16,Aug-18,3552,Y,0,0,Y
30-005-27961,"$33,020",248802,"CANO PETRO OF NEW MEXICO, INC.",322,307,No,0,CATO SAN ANDRES UNIT #534,P,J-11-08S-30E,J,O,Aug-16,Sep-18,4010,Y,0,0,Y
30-005-27962,"$33,030",248802,"CANO PETRO OF NEW MEXICO, INC.",322,307,No,0,CATO SAN ANDRES UNIT #517,P,E-11-08S-30E,E,O,Aug-16,Sep-18,4015,Y,0,0,Y
30-005-27963,"$33,162",248802,"CANO PETRO OF NEW MEXICO, INC.",322,307,No,0,CATO SAN ANDRES UNIT #518,P,F-11-08S-30E,F,O,Aug-16,Sep-18,4081,Y,0,0,Y
30-005-27964,"$33,124",248802,"CANO PETRO OF NEW MEXICO, INC.",322,307,No,0,CATO SAN ANDRES UNIT #532,P,L-11-08S-30E,L,O,Aug-16,Sep-18,4062,Y,0,0,Y
30-005-27969,"$33,124",248802,"CANO PETRO OF NEW MEXICO, INC.",322,307,No,0,CATO SAN ANDRES UNIT #532,P,L-11-08S-30E,L,O,Aug-16,Sep-18,4062,Y,0,0,Y
30-005-27970,"$33,124",248802,"CANO PETRO OF NEW MEXICO, INC.",322,307,No,0,CATO SAN ANDRES UNIT #532,P,L-11-08S-30E,L,O,Aug-16,Sep-18,4062,Y,0,0,Y
30-005-27973,"$33,012",248802,"CANO PETRO OF NEW MEXICO, INC.",322,307,No,0,CATO SAN ANDRES UNIT #516,P,D-11-08S-30E,D,O,May-15,Jun-17,4006,Y,0,0,Y
30-005-27974,"$33,060",248802,"CANO PETRO OF NEW MEXICO, INC.",322,307,No,0,CATO SAN ANDRES UNIT #531,P,L-11-08S-30E,L,O,Aug-16,Sep-18,4030,Y,0,0,Y
30-005-27980,"$32,726",248802,"CANO PETRO OF NEW MEXICO, INC.",322,307,No,0,CATO SAN ANDRES UNIT #505,S,N-02-08S-30E,N,O,Jul-11,Aug-13,3863,Y,0,8863,Y
30-005-27983,"$33,040",248802,"CANO PETRO OF NEW MEXICO, INC.",322,307,No,0,CATO SAN ANDRES UNIT #535,P,I-11-08S-30E,I,O,Jan-18,Feb-20,4020,Y,0,0,Y
30-005-27984,"$32,980",248802,"CANO PETRO OF NEW MEXICO, INC.",322,307,No,0,CATO SAN ANDRES UNIT #545,P,M-11-08S-30E,M,O,Dec-16,Jan-19,3990,Y,0,0,Y
30-005-27985,"$33,010",248802,"CANO PETRO OF NEW MEXICO, INC.",322,307,No,0,CATO SAN ANDRES UNIT #533,P,K-11-08S-30E,K,I,Mar-18,Apr-20,4005,Y,0,0,Y
30-005-27986,"$32,880",248802,"CANO PETRO OF NEW MEXICO, INC.",322,307,No,0,CATO SAN ANDRES UNIT #544,P,M-11-08S-30E,M,O,Sep-17,Oct-19,3940,Y,0,0,Y
30-005-27987,"$33,030",248802,"CANO PETRO OF NEW MEXICO, INC.",322,307,No,0,CATO SAN ANDRES UNIT #546,S,O-11-08S-30E,O,O,Sep-17,Oct-19,4015,Y,0,0,Y
30-005-27988,"$33,160",248802,"CANO PETRO OF NEW MEXICO, INC.",322,307,No,0,CATO SAN ANDRES UNIT #547,S,P-11-08S-30E,P,O,Oct-17,Nov-19,4080,Y,0,0,Y
30-005-28010,"$32,920",248802,"CANO PETRO OF NEW MEXICO, INC.",322,307,No,0,CATO SAN ANDRES UNIT #558,P,M-11-08S-30E,M,O,Nov-14,Dec-16,3960,Y,0,8960,Y
30-005-28011,"$32,920",248802,"CANO PETRO OF NEW MEXICO, INC.",322,307,No,0,CATO SAN ANDRES UNIT #559,P,N-11-08S-30E,N,O,Nov-14,Dec-16,3960,Y,0,8960,Y
30-005-28012,"$33,000",248802,"CANO PETRO OF NEW MEXICO, INC.",322,307,No,0,CATO SAN ANDRES UNIT #560,P,O-11-08S-30E,O,O,Nov-14,Dec-16,4000,Y,0,9000,Y
30-005-28016,"$33,020",248802,"CANO PETRO OF NEW MEXICO, INC.",322,307,No,0,CATO SAN ANDRES UNIT #573,P,G-14-08S-30E,G,O,Feb-18,Mar-20,4010,Y,0,0,Y
30-005-28017,"$33,090",248802,"CANO PETRO OF NEW MEXICO, INC.",322,307,No,0,CATO SAN ANDRES UNIT #574,P,H-14-08S-30E,H,O,Dec-16,Jan-19,4045,Y,0,0,Y
30-005-28022,"$32,912",248802,"CANO PETRO OF NEW MEXICO, INC.",322,307,No,0,CATO SAN ANDRES UNIT #507,S,O-02-08S-30E,O,I,Mar-18,Apr-20,3956,Y,0,8956,Y
30-005-28027,"$34,000",248802,"CANO PETRO OF NEW MEXICO, INC.",322,307,No,0,CATO SAN ANDRES UNIT #520,P,H-11-08S-30E,H,O,Jan-12,Feb-14,4500,Y,0,9500,Y
30-005-28029,"$33,200",248802,"CANO PETRO OF NEW MEXICO, INC.",322,307,No,0,CATO SAN ANDRES UNIT #561,P,O-11-08S-30E,O,O,Apr-15,May-17,4100,Y,0,0,Y
30-005-29021,"$33,110",248802,"CANO PETRO OF NEW MEXICO, INC.",322,307,No,0,CATO SAN ANDRES UNIT #050,P,J-11-08S-30E,J,I,Oct-16,Nov-18,4055,Y,0,0,Y
30-005-29024,"$32,990",248802,"CANO PETRO OF NEW MEXICO, INC.",322,307,No,0,CATO SAN ANDRES UNIT #587,P,G-14-08S-30E,G,O,Aug-16,Sep-18,3995,Y,0,0,Y
30-005-29025,"$32,990",248802,"CANO PETRO OF NEW MEXICO, INC.",322,307,No,0,CATO SAN ANDRES UNIT #586,P,E-14-08S-30E,E,O,Jan-17,Feb-19,3995,Y,0,0,Y
30-005-29027,"$33,100",248802,"CANO PETRO OF NEW MEXICO, INC.",322,307,No,0,CATO SAN ANDRES UNIT #588,P,H-14-08S-30E,H,O,Dec-17,Jan-20,4050,Y,0,0,Y
30-005-29028,"$33,000",248802,"CANO PETRO OF NEW MEXICO, INC.",322,307,No,0,CATO SAN ANDRES UNIT #822,P,B-11-08S-30E,B,I,Mar-18,Apr-20,4000,Y,0,0,Y
30-005-29051,"$33,044",248802,"CANO PETRO OF NEW MEXICO, INC.",322,307,No,0,CATO SAN ANDRES UNIT #557Y,P,O-10-08S-30E,O,O,Apr-17,May-19,4022,Y,0,0,Y
30-005-60069,"$29,010",269864,CANYON E & P COMPANY,208,102,No,0,DOUBLE L QUEEN UNIT #002G,S,H-36-14S-29E,H,O,Dec-11,Jan-14,2005,Y,0,0,Y
30-005-60078,"$28,960",269864,CANYON E & P COMPANY,208,102,No,0,DOUBLE L QUEEN UNIT #001K,S,1-01-15S-29E,A,I,Jun-12,Jul-14,1980,Y,0,0,Y
30-005-60079,"$29,020",269864,CANYON E & P COMPANY,208,102,No,0,DOUBLE L QUEEN UNIT #003G,S,I-36-14S-29E,I,O,Jun-11,Jul-13,2010,Y,0,0,Y
30-005-60080,"$29,020",269864,CANYON E & P COMPANY,208,102,No,0,DOUBLE L QUEEN UNIT #004G,S,G-36-14S-29E,G,I,Jun-12,Jul-14,2010,Y,0,0,Y
30-005-60084,"$28,978",269864,CANYON E & P COMPANY,208,102,No,0,DOUBLE L QUEEN UNIT #001Y,S,H-01-15S-29E,H,I,Mar-98,Apr-00,1989,Y,0,0,Y
30-005-60093,"$28,960",269864,CANYON E & P COMPANY,208,102,No,0,DOUBLE L QUEEN UNIT #002X,S,I-01-15S-29E,I,O,Jan-12,Feb-14,1980,Y,0,0,Y
30-005-60097,"$29,010",269864,CANYON E & P COMPANY,208,102,No,0,DOUBLE L QUEEN UNIT #006,S,B-36-14S-29E,B,O,Jun-11,Jul-13,2005,Y,0,0,Y
30-005-60099,"$29,028",269864,CANYON E & P COMPANY,208,102,No,0,DOUBLE L QUEEN UNIT #007,S,A-36-14S-29E,A,O,May-12,Jun-14,2014,Y,0,0,Y
30-005-60108,"$29,020",269864,CANYON E & P COMPANY,208,102,No,0,DOUBLE L QUEEN UNIT #008,S,P-36-14S-29E,P,O,Jun-11,Jul-13,2010,Y,0,0,Y
30-005-60117,"$28,972",269864,CANYON E & P COMPANY,208,102,No,0,DOUBLE L QUEEN UNIT #001R,S,H-12-15S-29E,H,I,Feb-04,Mar-06,1986,Y,0,6986,Y
30-005-60127,"$28,890",269864,CANYON E & P COMPANY,208,102,No,0,DOUBLE L QUEEN UNIT #001H,S,N-25-14S-29E,N,I,Jan-12,Feb-14,1945,Y,0,0,Y
30-005-60138,"$29,002",269864,CANYON E & P COMPANY,208,102,No,0,DOUBLE L QUEEN UNIT #010,S,O-25-14S-29E,O,O,Nov-11,Dec-13,2001,Y,0,0,Y
30-005-60146,"$29,010",269864,CANYON E & P COMPANY,208,102,No,308671,DOUBLE L QUEEN UNIT #001D,S,A-12-15S-29E,A,O,Jun-11,Jul-13,2005,Y,0,0,Y
30-005-60151,"$29,122",269864,CANYON E & P COMPANY,208,102,No,0,DOUBLE L QUEEN UNIT #002Z,S,I-12-15S-29E,I,O,Oct-12,Nov-14,2061,Y,0,0,Y
30-005-60153,"$29,100",269864,CANYON E & P COMPANY,208,102,No,0,DOUBLE L QUEEN UNIT #003Y,S,P-01-15S-29E,P,I,Jun-97,Jul-99,2050,Y,0,0,Y
30-005-60159,"$28,886",269864,CANYON E & P COMPANY,208,102,No,0,DOUBLE L QUEEN UNIT #002,S,D-25-14S-29E,D,O,Oct-11,Nov-13,1943,Y,0,0,Y
30-005-60161,"$28,924",269864,CANYON E & P COMPANY,208,102,No,0,DOUBLE L QUEEN UNIT #003,S,C-25-14S-29E,C,I,Jun-97,Jul-99,1962,Y,0,6962,Y
30-005-60164,"$28,892",269864,CANYON E & P COMPANY,208,102,No,0,DOUBLE L QUEEN UNIT #004,S,E-25-14S-29E,E,I,Feb-03,Mar-05,1946,Y,0,6946,Y
30-005-60174,"$28,884",269864,CANYON E & P COMPANY,208,102,No,0,DOUBLE L QUEEN UNIT #005,S,F-25-14S-29E,F,O,Mar-11,Apr-13,1942,Y,0,0,Y
30-005-60178,"$28,962",269864,CANYON E & P COMPANY,208,102,No,0,DOUBLE L QUEEN UNIT #011,S,K-25-14S-29E,K,O,Jan-13,Feb-15,1981,Y,0,0,Y
30-005-60183,"$29,004",269864,CANYON E & P COMPANY,208,102,No,0,DOUBLE L QUEEN UNIT #012,S,J-25-14S-29E,J,O,Sep-11,Oct-13,2002,Y,0,0,Y
30-005-60327,"$30,400",269864,CANYON E & P COMPANY,208,102,No,308675,GRAVES #001,P,F-11-08S-28E,F,O,Sep-02,Oct-04,2700,Y,0,7700,Y
30-005-60528,"$30,600",269864,CANYON E & P COMPANY,208,102,No,308686,O'BRIEN FEE 19 #001,P,N-19-08S-29E,N,O,Aug-09,Sep-11,2800,Y,0,7800,Y
30-005-60565,"$30,600",269864,CANYON E & P COMPANY,208,102,No,0,O'BRIEN FEE 19 #002,P,O-19-08S-29E,O,O,Dec-04,Jan-07,2800,Y,0,7800,Y
30-005-60566,"$30,720",269864,CANYON E & P COMPANY,208,102,No,0,O'BRIEN FEE 19 #003,P,4-19-08S-29E,M,O,Dec-08,Jan-11,2860,Y,0,7860,Y
30-005-60567,"$30,580",269864,CANYON E & P COMPANY,208,102,No,308678,KUCHEMANN #001,P,1-30-08S-29E,D,O,Jul-11,Aug-13,2790,Y,0,0,Y
30-005-60580,"$30,586",269864,CANYON E & P COMPANY,208,102,No,0,KUCHEMANN #002,P,2-30-08S-29E,E,I,Mar-05,Apr-07,2793,Y,0,7793,Y
30-005-60581,"$30,614",269864,CANYON E & P COMPANY,208,102,No,308698,UNION HAPPY #001,P,O-01-08S-28E,O,O,Feb-07,Mar-09,2807,Y,0,7807,Y
30-005-60604,"$30,592",269864,CANYON E & P COMPANY,208,102,No,308695,SEANNA #001,P,A-12-08S-28E,A,O,Feb-07,Mar-09,2796,Y,0,7796,Y
30-005-60610,"$30,680",269864,CANYON E & P COMPANY,208,102,No,308672,ELIZABETH #001,P,1-07-08S-29E,D,O,Feb-02,Mar-04,2840,Y,0,7840,Y
30-005-60619,"$30,660",269864,CANYON E & P COMPANY,208,102,No,308685,O'BRIEN FEE 18 #001,P,4-18-08S-29E,M,O,Oct-06,Nov-08,2830,Y,0,7830,Y
30-005-60622,"$30,600",269864,CANYON E & P COMPANY,208,102,No,0,UNION HAPPY #002,P,J-01-08S-28E,J,O,Apr-05,May-07,2800,Y,0,7800,Y
30-005-60623,"$31,000",269864,CANYON E & P COMPANY,208,102,No,0,SEANNA #002,P,H-12-08S-28E,H,O,Jul-04,Aug-06,3000,Y,0,8000,Y
30-005-60634,"$30,496",269864,CANYON E & P COMPANY,208,102,No,308684,O'BRIEN DEMING 6 #001,P,7-06-08S-29E,M,O,Jan-09,Feb-11,2748,Y,0,7748,Y
30-005-60640,"$30,664",269864,CANYON E & P COMPANY,208,102,No,0,O'BRIEN FEE 18 #002,P,O-18-08S-29E,O,O,Oct-06,Nov-08,2832,Y,0,7832,Y
30-005-60654,"$30,600",269864,CANYON E & P COMPANY,208,102,No,0,O'BRIEN FEE 19 #004,P,3-19-08S-29E,L,O,Aug-09,Sep-11,2800,Y,0,7800,Y
30-005-60655,"$30,506",269864,CANYON E & P COMPANY,208,102,No,308688,O'BRIEN FEE 25 #005,P,H-25-08S-28E,H,O,Feb-07,Mar-09,2753,Y,0,7753,Y
30-005-60693,"$30,604",269864,CANYON E & P COMPANY,208,102,No,0,KUCHEMANN #003,P,C-30-08S-29E,C,O,Jul-11,Aug-13,2802,Y,0,0,Y
30-005-60705,"$30,856",269864,CANYON E & P COMPANY,208,102,No,0,ELIZABETH #002,P,2-07-08S-29E,E,O,Feb-07,Mar-09,2928,Y,0,7928,Y
30-005-60716,"$30,582",269864,CANYON E & P COMPANY,208,102,No,0,O'BRIEN FEE 19 #005,P,K-19-08S-29E,K,O,Dec-08,Jan-11,2791,Y,0,7791,Y
30-005-60725,"$30,820",269864,CANYON E & P COMPANY,208,102,No,0,O'BRIEN FEE 18 #003,P,N-18-08S-29E,N,O,Feb-07,Mar-09,2910,Y,0,7910,Y
30-005-60730,"$30,636",269864,CANYON E & P COMPANY,208,102,No,0,O'BRIEN DEMING 6 #002,P,N-06-08S-29E,N,O,Feb-07,Mar-09,2818,Y,0,7818,Y
30-005-60735,"$30,374",269864,CANYON E & P COMPANY,208,102,No,0,SEANNA #003,P,A-12-08S-28E,A,O,Feb-07,Mar-09,2687,Y,0,7687,Y
30-005-60744,"$30,452",269864,CANYON E & P COMPANY,208,102,No,0,ELIZABETH #003,P,C-07-08S-29E,C,O,Feb-07,Mar-09,2726,Y,0,7726,Y
30-005-60747,"$30,508",269864,CANYON E & P COMPANY,208,102,No,0,ELIZABETH #004,P,F-07-08S-29E,F,O,Jun-04,Jul-06,2754,Y,0,7754,Y
30-005-60803,"$30,620",269864,CANYON E & P COMPANY,208,102,No,308687,O'BRIEN FEE 24 #001,P,I-24-08S-28E,I,O,Feb-07,Mar-09,2810,Y,0,7810,Y
30-005-60804,"$30,600",269864,CANYON E & P COMPANY,208,102,No,0,O'BRIEN FEE 19 #006,P,J-19-08S-29E,J,O,Aug-09,Sep-11,2800,Y,0,7800,Y
30-005-60805,"$30,600",269864,CANYON E & P COMPANY,208,102,No,0,KUCHEMANN #004,P,F-30-08S-29E,F,O,Jul-11,Aug-13,2800,Y,0,0,Y
30-005-60815,"$30,720",269864,CANYON E & P COMPANY,208,102,No,308689,O'BRIEN LIGHTCAP 7 #001,P,3-07-08S-29E,L,O,Sep-04,Oct-06,2860,Y,0,7860,Y
30-005-60816,"$31,000",269864,CANYON E & P COMPANY,208,102,No,0,O'BRIEN LIGHTCAP 7 #002,P,K-07-08S-29E,K,O,Sep-04,Oct-06,3000,Y,0,8000,Y
30-005-60817,"$30,722",269864,CANYON E & P COMPANY,208,102,No,308669,BARKNEHT #001,P,I-12-08S-28E,I,O,Sep-04,Oct-06,2861,Y,0,7861,Y
30-005-60902,"$30,724",269864,CANYON E & P COMPANY,208,102,No,0,O'BRIEN FEE 18 #004,P,3-18-08S-29E,L,O,Oct-06,Nov-08,2862,Y,0,7862,Y
30-005-60905,"$30,690",269864,CANYON E & P COMPANY,208,102,No,0,O'BRIEN FEE 19 #007,P,I-19-08S-29E,I,O,Dec-08,Jan-11,2845,Y,0,7845,Y
30-005-60906,"$30,660",269864,CANYON E & P COMPANY,208,102,No,0,KUCHEMANN #005,P,G-30-08S-29E,G,O,Jul-11,Aug-13,2830,Y,0,0,Y
30-005-60921,"$30,880",269864,CANYON E & P COMPANY,208,102,No,308680,MCDERMOTT #001,P,K-12-08S-28E,K,O,Sep-04,Oct-06,2940,Y,0,7940,Y
30-005-60922,"$30,660",269864,CANYON E & P COMPANY,208,102,No,308683,O'BRIEN DEMING 13 #001,P,P-13-08S-28E,P,O,Feb-07,Mar-09,2830,Y,0,7830,Y
30-005-60923,"$30,840",269864,CANYON E & P COMPANY,208,102,No,0,O'BRIEN FEE 24 #002,P,A-24-08S-28E,A,O,Feb-07,Mar-09,2920,Y,0,7920,Y
30-005-61020,"$30,640",269864,CANYON E & P COMPANY,208,102,No,0,O'BRIEN FEE 18 #005,P,K-18-08S-29E,K,O,Oct-06,Nov-08,2820,Y,0,7820,Y
30-005-61021,"$30,680",269864,CANYON E & P COMPANY,208,102,No,0,O'BRIEN FEE 19 #008,P,P-19-08S-29E,P,O,Sep-04,Oct-06,2840,Y,0,7840,Y
30-005-61246,"$30,680",269864,CANYON E & P COMPANY,208,102,No,0,O'BRIEN FEE 18 #006,P,J-18-08S-29E,J,O,Oct-06,Nov-08,2840,Y,0,7840,Y
30-005-61267,"$30,326",269864,CANYON E & P COMPANY,208,102,No,308681,NANCY #001,P,P-01-08S-28E,P,O,Feb-07,Mar-09,2663,Y,0,7663,Y
30-005-62190,"$31,200",269864,CANYON E & P COMPANY,208,102,No,308692,O'BRIEN R #001,P,O-21-08S-29E,O,O,Apr-07,May-09,3100,Y,0,8100,Y
30-005-62192,"$31,010",269864,CANYON E & P COMPANY,208,102,No,308691,O'BRIEN P #001,P,C-28-08S-29E,C,S,Feb-07,Mar-09,3005,Y,0,8005,Y
30-005-62194,"$31,010",269864,CANYON E & P COMPANY,208,102,No,308690,O'BRIEN LLL #001,P,N-21-08S-29E,N,O,Apr-07,May-09,3005,Y,0,8005,Y
30-005-62247,"$30,850",269864,CANYON E & P COMPANY,208,102,No,0,O'BRIEN P #002,P,D-28-08S-29E,D,O,May-09,Jun-11,2925,Y,0,7925,Y
30-005-62267,"$30,840",269864,CANYON E & P COMPANY,208,102,No,0,O'BRIEN P #003,P,E-28-08S-29E,E,O,May-09,Jun-11,2920,Y,0,7920,Y
30-005-62537,"$31,400",258350,"Grizzly Operating, LLC",883,13,No,0,CHINA DRAW AEP STATE #003,S,H-36-06S-22E,H,G,Aug-19,Sep-21,3200,0,0,0,0
30-005-62861,"$30,560",269864,CANYON E & P COMPANY,208,102,No,308673,ELIZABETH C #005,P,1-07-08S-29E,D,O,Mar-03,Apr-05,2780,Y,0,7780,Y
30-015-00948,"$29,030",269864,CANYON E & P COMPANY,208,102,No,0,ARTESIA METEX UNIT #039,S,G-25-18S-27E,G,O,Jun-11,Jul-13,2015,Y,0,0,Y
30-015-00949,"$47,416",269864,CANYON E & P COMPANY,208,102,No,0,ARTESIA METEX UNIT #059,S,K-25-18S-27E,K,O,May-13,Jun-15,11208,Y,0,0,Y
30-015-00950,"$29,050",269864,CANYON E & P COMPANY,208,102,No,0,ARTESIA METEX UNIT #038,S,F-25-18S-27E,F,O,May-13,Jun-15,2025,Y,0,7025,Y
30-015-00954,"$29,246",269864,CANYON E & P COMPANY,208,102,No,0,ARTESIA METEX UNIT #040,S,H-25-18S-27E,H,I,Aug-06,Sep-08,2123,Y,0,7123,Y
30-015-00956,"$29,028",269864,CANYON E & P COMPANY,208,102,No,0,ARTESIA METEX UNIT #054,S,O-25-18S-27E,O,I,Aug-05,Sep-07,2014,Y,0,7014,Y
30-015-00959,"$29,244",269864,CANYON E & P COMPANY,208,102,No,0,ARTESIA METEX UNIT #045,S,L-25-18S-27E,L,I,Aug-06,Sep-08,2122,Y,0,7122,Y
30-015-00986,"$28,878",269864,CANYON E & P COMPANY,208,102,No,0,ARTESIA METEX UNIT #055,S,B-35-18S-27E,B,O,Dec-11,Jan-14,1939,Y,0,0,Y
30-015-00987,"$29,040",269864,CANYON E & P COMPANY,208,102,No,0,ARTESIA METEX UNIT #056,S,A-35-18S-27E,A,I,Aug-06,Sep-08,2020,Y,0,7020,Y
30-015-00990,"$29,050",269864,CANYON E & P COMPANY,208,102,No,0,ARTESIA METEX UNIT #057,S,D-36-18S-27E,D,O,Mar-07,Apr-09,2025,Y,0,7025,Y
30-015-00991,"$29,040",269864,CANYON E & P COMPANY,208,102,No,0,ARTESIA METEX UNIT #058,S,C-36-18S-27E,C,I,Aug-06,Sep-08,2020,Y,0,7020,Y
30-015-01190,"$29,060",269864,CANYON E & P COMPANY,208,102,No,0,ARTESIA METEX UNIT #044,S,I-26-18S-27E,I,O,Feb-05,Mar-07,2030,Y,0,7030,Y
30-015-02136,"$29,040",269864,CANYON E & P COMPANY,208,102,No,0,ARTESIA METEX UNIT #041,S,2-30-18S-28E,E,I,Aug-06,Sep-08,2020,Y,0,7020,Y
30-015-02138,"$29,440",269864,CANYON E & P COMPANY,208,102,No,0,ARTESIA METEX UNIT #042,S,F-30-18S-28E,F,O,Jun-11,Jul-13,2220,Y,0,0,Y
30-015-02142,"$29,158",269864,CANYON E & P COMPANY,208,102,No,0,ARTESIA METEX UNIT #043,S,G-30-18S-28E,G,O,Mar-11,Apr-13,2079,Y,0,0,Y
30-015-02627,"$37,450",260702,"RUTH OIL CO, LLC",2,2,No,305436,STATE M-AI #002,S,7-06-18S-28E,M,O,Oct-14,Nov-16,6225,Y,0,11500,Y
30-015-03509,"$30,736",99439,JIM PIERCE,9,9,No,300978,STATE P #001,S,H-36-18S-29E,H,O,Aug-01,Sep-03,2868,Y,0,5000,Y
30-015-03540,"$29,454",99439,JIM PIERCE,9,9,No,300976,STATE R #003,S,P-01-19S-29E,P,O,Jul-15,Aug-17,2227,Y,0,5000,Y
30-015-03543,"$30,200",99439,JIM PIERCE,9,9,No,300606,LEONARD STATE #002,S,N-01-19S-29E,N,O,Feb-04,Mar-06,2600,Y,0,5000,Y
30-015-03582,"$29,886",99439,JIM PIERCE,9,9,No,28807,STATE S #002,S,A-12-19S-29E,A,O,Mar-14,Apr-16,2443,Y,0,5000,Y
30-015-03695,"$30,594",271769,GIANT OPERATING LLC,4,4,No,0,MALAGA UNIT #003,P,K-07-24S-29E,K,O,May-13,Jun-15,2797,Y,0,0,Y
30-015-03701,"$30,558",271769,GIANT OPERATING LLC,4,4,No,307215,MALAGA UNIT #001,P,F-07-24S-29E,F,O,Nov-12,Dec-14,2779,Y,0,0,Y
30-015-03702,"$30,474",271769,GIANT OPERATING LLC,4,4,No,0,MALAGA UNIT #002,P,4-07-24S-29E,M,I,Oct-05,Nov-07,2737,Y,0,0,Y
30-015-04591,"$224,998",119305,"RAY WESTALL OPERATING, INC.",105,4,Yes,0,CULWIN QUEEN UNIT #005,S,I-36-18S-30E,I,O,Jun-20,Jul-22,99999,0,0,0,0
30-015-04746,"$32,550",271769,GIANT OPERATING LLC,4,4,No,307214,HANAGAN STATE #001,S,G-08-25S-30E,G,O,Jul-12,Aug-14,3775,Y,0,0,Y
30-015-04785,"$33,200",269864,CANYON E & P COMPANY,208,102,No,0,NORTHEAST SQUARE LAKE PREMIER UNIT #008,S,M-02-16S-31E,M,I,Aug-08,Sep-10,4100,Y,0,9100,Y
30-015-04787,"$32,728",269864,CANYON E & P COMPANY,208,102,No,308682,NORTHEAST SQUARE LAKE PREMIER UNIT #007,S,P-03-16S-31E,P,O,Dec-10,Jan-13,3864,Y,0,0,Y
30-015-04788,"$32,728",269864,CANYON E & P COMPANY,208,102,No,308682,NORTHEAST SQUARE LAKE PREMIER UNIT #007,S,P-03-16S-31E,P,O,Dec-10,Jan-13,3864,Y,0,0,Y
30-015-04792,"$32,940",214263,PRE-ONGARD WELL OPERATOR,40,0,Yes,0,PRE-ONGARD WELL #001,S,I-03-16S-31E,I,I,Jan-00,Jan-00,3970,0,0,0,0
30-015-04793,"$32,940",214263,PRE-ONGARD WELL OPERATOR,40,0,Yes,0,PRE-ONGARD WELL #001,S,I-03-16S-31E,I,I,Jan-00,Jan-00,3970,0,0,0,0
30-015-04794,"$32,940",214263,PRE-ONGARD WELL OPERATOR,40,0,Yes,0,PRE-ONGARD WELL #001,S,I-03-16S-31E,I,I,Jan-00,Jan-00,3970,0,0,0,0
30-015-04827,"$32,940",214263,PRE-ONGARD WELL OPERATOR,40,0,Yes,0,PRE-ONGARD WELL #001,S,I-03-16S-31E,I,I,Jan-00,Jan-00,3970,0,0,0,0
30-015-04831,"$32,940",214263,PRE-ONGARD WELL OPERATOR,40,0,Yes,0,PRE-ONGARD WELL #001,S,I-03-16S-31E,I,I,Jan-00,Jan-00,3970,0,0,0,0
30-015-04832,"$32,940",214263,PRE-ONGARD WELL OPERATOR,40,0,Yes,0,PRE-ONGARD WELL #001,S,I-03-16S-31E,I,I,Jan-00,Jan-00,3970,0,0,0,0
30-015-04837,"$32,940",214263,PRE-ONGARD WELL OPERATOR,40,0,Yes,0,PRE-ONGARD WELL #001,S,I-03-16S-31E,I,I,Jan-00,Jan-00,3970,0,0,0,0
30-015-04839,"$32,940",214263,PRE-ONGARD WELL OPERATOR,40,0,Yes,0,PRE-ONGARD WELL #001,S,I-03-16S-31E,I,I,Jan-00,Jan-00,3970,0,0,0,0
30-015-04842,"$32,940",214263,PRE-ONGARD WELL OPERATOR,40,0,Yes,0,PRE-ONGARD WELL #001,S,I-03-16S-31E,I,I,Jan-00,Jan-00,3970,0,0,0,0
30-015-04844,"$32,940",214263,PRE-ONGARD WELL OPERATOR,40,0,Yes,0,PRE-ONGARD WELL #001,S,I-03-16S-31E,I,I,Jan-00,Jan-00,3970,0,0,0,0
30-015-04845,"$32,940",214263,PRE-ONGARD WELL OPERATOR,40,0,Yes,0,PRE-ONGARD WELL #001,S,I-03-16S-31E,I,I,Jan-00,Jan-00,3970,0,0,0,0
30-015-04846,"$33,036",269864,CANYON E & P COMPANY,208,102,No,0,NORTHEAST SQUARE LAKE PREMIER UNIT #009,S,D-11-16S-31E,D,O,Aug-95,Sep-97,4018,Y,0,9018,Y
30-015-05590,"$224,998",181109,CAMERON OIL & GAS INC,82,1,Yes,29781,MAGNOLIA STATE #002,S,M-16-18S-31E,M,O,Jun-20,Jul-22,99999,0,0,0,0
30-015-05600,"$224,998",181109,CAMERON OIL & GAS INC,82,1,Yes,29781,MAGNOLIA STATE #002,S,M-16-18S-31E,M,O,Jun-20,Jul-22,99999,0,0,0,0
30-015-05739,"$33,242",265378,GEORGE A CHASE JR DBA G AND C SERVICE,371,3,Yes,315717,STATE E 6017 #002,S,4-02-19S-31E,D,O,Jun-20,Jul-22,4121,0,0,0,0
30-015-05765,"$33,242",265378,GEORGE A CHASE JR DBA G AND C SERVICE,371,3,Yes,315717,STATE E 6017 #002,S,4-02-19S-31E,D,O,Jun-20,Jul-22,4121,0,0,0,0
30-015-10125,"$30,780",99439,JIM PIERCE,9,9,No,0,STATE P #002,S,G-36-18S-29E,G,O,Aug-01,Sep-03,2890,Y,0,5000,Y
30-015-20146,"$39,320",7377,EOG RESOURCES INC,2977,0,Yes,323233,ANDERSON CS STATE COM #001Y,S,G-14-18S-24E,G,G,Jun-20,Jul-22,7160,0,0,0,0
30-015-20384,"$29,990",290708,MCCAW ENTERPRISE LLC,5,5,No,311822,MCCAW BT #001,P,G-14-17S-25E,G,O,Apr-17,May-19,2495,Y,0,0,Y
30-015-20447,"$27,952",290708,MCCAW ENTERPRISE LLC,5,5,No,0,MCCAW BT #002,P,H-14-17S-25E,H,O,Nov-15,Dec-17,1476,Y,0,0,Y
30-015-20971,"$48,380",209564,WILDCAT ENERGY LLC,6,6,No,308584,SAIK #001,P,B-17-22S-27E,B,G,Oct-08,Nov-10,11690,Y,0,16700,Y
30-015-21820,"$28,100",290708,MCCAW ENTERPRISE LLC,5,5,No,0,MCCAW BT #003,P,A-14-17S-25E,A,O,Nov-16,Dec-18,1550,Y,0,0,Y
30-015-21866,"$29,308",269864,CANYON E & P COMPANY,208,102,No,0,ARTESIA METEX UNIT #060,S,C-30-18S-28E,C,O,Mar-07,Apr-09,2154,Y,0,7154,Y
30-015-21867,"$28,000",290708,MCCAW ENTERPRISE LLC,5,5,No,0,MCCAW BT #004,P,H-14-17S-25E,H,O,Nov-15,Dec-17,1500,Y,0,0,Y
30-015-21874,"$29,318",269864,CANYON E & P COMPANY,208,102,No,0,ARTESIA METEX UNIT #061,S,A-25-18S-27E,A,O,May-11,Jun-13,2159,Y,0,0,Y
30-015-22451,"$51,374",7899,FLARE OIL INC,5,5,No,4326,INGALLS #001,P,G-22-23S-28E,G,O,Oct-16,Nov-18,13187,Y,0,7500,Y
30-015-23349,"$42,934",7899,FLARE OIL INC,5,5,No,4328,STATE IL COM #001,S,G-03-19S-24E,G,G,Oct-16,Nov-18,8967,Y,0,10000,Y
30-015-23604,"$224,998",265378,GEORGE A CHASE JR DBA G AND C SERVICE,371,3,Yes,0,COYOTE STATE #004,S,O-02-19S-31E,O,O,Jun-20,Jul-22,99999,0,0,0,0
30-015-23801,"$43,720",209564,WILDCAT ENERGY LLC,6,6,No,32686,RIO PENASCO KD COM #003,P,A-11-19S-25E,A,G,Nov-96,Dec-98,9360,Y,0,14360,Y
30-015-24213,"$28,000",290708,MCCAW ENTERPRISE LLC,5,5,No,0,MCCAW BT #006,P,H-14-17S-25E,H,O,Nov-15,Dec-17,1500,Y,0,0,Y
30-015-24904,"$32,070",99439,JIM PIERCE,9,9,No,28836,TENNECO STATE #001,S,4-02-19S-29E,D,O,May-13,Jun-15,3535,Y,0,5000,Y
30-015-25000,"$32,000",99439,JIM PIERCE,9,9,No,0,TENNECO STATE #002,S,3-02-19S-29E,C,O,May-13,Jun-15,3500,Y,0,5000,Y
30-015-25070,"$31,600",37636,ROBINSON OIL INC,19,19,No,21637,STATE HL 2 #002,S,E-02-19S-29E,E,O,Jun-15,Jul-17,3300,Y,0,0,Y
30-015-25140,"$224,998",192463,OXY USA WTP LIMITED PARTNERSHIP,607,0,Yes,306530,IB 32 STATE #001Y,S,M-32-21S-24E,M,G,Apr-20,May-22,99999,0,0,0,0
30-015-25178,"$31,300",37636,ROBINSON OIL INC,19,19,No,0,STATE HL 2 #003,S,L-02-19S-29E,L,O,Jun-15,Jul-17,3150,Y,0,0,Y
30-015-25253,"$49,580",209564,WILDCAT ENERGY LLC,6,6,No,300973,HENRY #002,P,I-22-22S-27E,I,G,Oct-13,Nov-15,12290,Y,0,17290,Y
30-015-25943,"$224,998",265378,GEORGE A CHASE JR DBA G AND C SERVICE,371,3,Yes,0,EASTLAND QUEEN UNIT #009,S,E-01-19S-29E,E,O,Jun-20,Jul-22,99999,0,0,0,0
30-015-27157,"$29,400",269864,CANYON E & P COMPANY,208,102,No,0,ARTESIA METEX UNIT #062,S,2-30-18S-28E,E,O,Feb-12,Mar-14,2200,Y,0,0,Y
30-015-27158,"$29,640",269864,CANYON E & P COMPANY,208,102,No,0,ARTESIA METEX UNIT #063,S,G-25-18S-27E,G,O,May-13,Jun-15,2320,Y,0,7320,Y
30-015-27192,"$29,360",269864,CANYON E & P COMPANY,208,102,No,0,ARTESIA METEX UNIT #064,S,H-25-18S-27E,H,O,Jun-11,Jul-13,2180,Y,0,0,Y
30-015-27193,"$29,420",269864,CANYON E & P COMPANY,208,102,No,0,ARTESIA METEX UNIT #065,S,F-25-18S-27E,F,O,May-13,Jun-15,2210,Y,0,7210,Y
30-015-27194,"$29,400",269864,CANYON E & P COMPANY,208,102,No,0,ARTESIA METEX UNIT #066,S,K-25-18S-27E,K,O,May-13,Jun-15,2200,Y,0,0,Y
30-015-27195,"$29,400",269864,CANYON E & P COMPANY,208,102,No,0,ARTESIA METEX UNIT #067,S,H-25-18S-27E,H,O,May-13,Jun-15,2200,Y,0,0,Y
30-015-27196,"$29,400",269864,CANYON E & P COMPANY,208,102,No,0,ARTESIA METEX UNIT #068,S,1-30-18S-28E,D,O,Aug-12,Sep-14,2200,Y,0,0,Y
30-015-27560,"$48,600",372137,"CHISHOLM ENERGY OPERATING, LLC",261,3,Yes,321124,EV STATE COM #002,S,H-32-22S-26E,H,O,Mar-12,Apr-14,11800,Y,Y,0,0
30-015-27635,"$39,000",154303,PRIMAL ENERGY CORPORATION,10,10,No,25097,BIG EDDY UNIT #127,S,K-16-21S-29E,K,O,Dec-09,Jan-12,7000,Y,0,0,Y
30-015-28273,"$37,632",7899,FLARE OIL INC,5,5,No,0,INGALLS #002,P,F-22-23S-28E,F,O,Oct-16,Nov-18,6316,Y,0,3816,Y
30-025-00906,"$38,200",265378,GEORGE A CHASE JR DBA G AND C SERVICE,371,3,Yes,316049,LUSK 16 STATE #001,S,M-16-19S-32E,M,O,Jun-20,Jul-22,6600,0,0,0,0
30-025-00909,"$38,200",265378,GEORGE A CHASE JR DBA G AND C SERVICE,371,3,Yes,316049,LUSK 16 STATE #001,S,M-16-19S-32E,M,O,Jun-20,Jul-22,6600,0,0,0,0
30-025-00910,"$38,200",265378,GEORGE A CHASE JR DBA G AND C SERVICE,371,3,Yes,316049,LUSK 16 STATE #001,S,M-16-19S-32E,M,O,Jun-20,Jul-22,6600,0,0,0,0
30-025-02448,"$35,100",270085,"B2J, L.L.C.",3,0,Yes,306891,SARAH SUE #001,S,E-36-19S-34E,E,O,Apr-20,May-22,5050,0,0,10200,0
30-025-02449,"$35,100",270085,"B2J, L.L.C.",3,0,Yes,306891,SARAH SUE #001,S,E-36-19S-34E,E,O,Apr-20,May-22,5050,0,0,10200,0
30-025-07312,"$49,250",1340,AVRA OIL CO,3,3,No,1602,AMERADA HARDIN #001,P,B-24-17S-38E,B,O,Oct-17,Nov-19,12125,Y,0,0,Y
30-025-07329,"$37,960",1340,AVRA OIL CO,3,3,No,14972,CHARLCIA A TAYLOR #001,P,I-11-18S-38E,I,S,Oct-17,Nov-19,6480,Y,0,0,Y
30-025-07968,"$34,230",37636,ROBINSON OIL INC,19,19,No,14843,FOSTER #001,P,3-05-19S-39E,D,O,Jun-15,Jul-17,4615,Y,0,0,Y
30-025-08460,"$224,998",220397,"MCGOWAN WORKING PARTNERS, INC",32,2,Yes,0,STATE 35 UNIT #031,S,N-35-17S-34E,N,O,Jul-20,Aug-22,99999,0,0,0,0
30-025-09337,"$32,344",154303,PRIMAL ENERGY CORPORATION,10,10,No,0,COCHISE-KING GAS COM #002,P,L-12-23S-36E,L,O,Jul-06,Aug-08,3672,Y,0,0,Y
30-025-09443,"$31,786",142624,ROCA PRODUCTION INC.,10,10,No,16709,GEORGE ETZ #001,P,M-27-23S-36E,M,O,Mar-11,Apr-13,3393,Y,0,8393,Y
30-025-09445,"$31,786",142624,ROCA PRODUCTION INC.,10,10,No,16709,GEORGE ETZ #001,P,M-27-23S-36E,M,O,Mar-11,Apr-13,3393,Y,0,8393,Y
30-025-09446,"$31,786",142624,ROCA PRODUCTION INC.,10,10,No,16709,GEORGE ETZ #001,P,M-27-23S-36E,M,O,Mar-11,Apr-13,3393,Y,0,8393,Y
30-025-09501,"$32,230",240974,"LEGACY RESERVES OPERATING, LP",1020,26,No,0,COOPER JAL UNIT #113,P,N-13-24S-36E,N,O,Dec-18,Jan-21,3615,0,0,0,0
30-025-09502,"$32,230",240974,"LEGACY RESERVES OPERATING, LP",1020,26,No,0,COOPER JAL UNIT #113,P,N-13-24S-36E,N,O,Dec-18,Jan-21,3615,0,0,0,0
30-025-09503,"$32,230",240974,"LEGACY RESERVES OPERATING, LP",1020,26,No,0,COOPER JAL UNIT #113,P,N-13-24S-36E,N,O,Dec-18,Jan-21,3615,0,0,0,0
30-025-09504,"$32,230",240974,"LEGACY RESERVES OPERATING, LP",1020,26,No,0,COOPER JAL UNIT #113,P,N-13-24S-36E,N,O,Dec-18,Jan-21,3615,0,0,0,0
30-025-09526,"$32,160",371956,CCC OIL & GAS LLC,14,14,No,319286,J L COATES #003,P,D-10-24S-36E,D,O,Feb-18,Mar-20,3580,Y,0,8580,Y
30-025-09531,"$32,340",371956,CCC OIL & GAS LLC,14,14,No,0,J L COATES #004,S,C-10-24S-36E,C,S,Feb-18,Mar-20,3670,Y,0,8670,Y
30-025-09533,"$32,330",371956,CCC OIL & GAS LLC,14,14,No,319283,E C MOSLEY #002,P,O-10-24S-36E,O,O,Feb-18,Mar-20,3665,Y,0,8665,Y
30-025-09589,"$32,280",374138,"Petroleum Exploration Company Ltd., Limited P",101,7,No,325348,COOPER B #003,P,A-14-24S-36E,A,G,Jul-20,Aug-22,3640,0,0,0,0
30-025-09590,"$32,280",374138,"Petroleum Exploration Company Ltd., Limited P",101,7,No,325348,COOPER B #003,P,A-14-24S-36E,A,G,Jul-20,Aug-22,3640,0,0,0,0
30-025-09603,"$32,280",374138,"Petroleum Exploration Company Ltd., Limited P",101,7,No,325348,COOPER B #003,P,A-14-24S-36E,A,G,Jul-20,Aug-22,3640,0,0,0,0
30-025-09619,"$31,358",162683,CIMAREX ENERGY CO. OF COLORADO,455,6,No,21814,S R COOPER #002,P,I-23-24S-36E,I,O,Mar-14,Apr-16,3179,Y,Y,0,0
30-025-11103,"$32,062",154303,PRIMAL ENERGY CORPORATION,10,10,No,18947,FOWLER HAIR #001,P,E-14-24S-37E,E,O,Oct-02,Nov-04,3531,Y,0,0,Y
30-025-11105,"$32,126",154303,PRIMAL ENERGY CORPORATION,10,10,No,0,FOWLER HAIR #003,P,D-14-24S-37E,D,O,Jul-13,Aug-15,3563,Y,0,0,Y
30-025-11107,"$32,310",154303,PRIMAL ENERGY CORPORATION,10,10,No,0,FOWLER HAIR #005,P,D-14-24S-37E,D,O,Jul-04,Aug-06,3655,Y,0,0,Y
30-025-11606,"$31,810",329487,"BXP Operating, LLC",704,149,No,0,LANGLIE MATTIX QUEEN UNIT #010,P,C-15-25S-37E,C,O,Jul-20,Aug-22,3405,0,0,0,0
30-025-11981,"$32,222",329326,FAE II Operating LLC,337,0,Yes,326914,C T BATES #001,P,L-10-26S-37E,L,G,Apr-20,May-22,3611,0,0,0,0
30-025-11983,"$32,222",329326,FAE II Operating LLC,337,0,Yes,326914,C T BATES #001,P,L-10-26S-37E,L,G,Apr-20,May-22,3611,0,0,0,0
30-025-12513,"$33,296",268370,DC ENERGY LLC,3,3,No,306787,MEXICO U #002,S,G-08-19S-38E,G,O,Mar-15,Apr-17,4148,Y,0,0,Y
30-025-20009,"$38,832",291444,DIAMOND S ENERGY COMPANY,7,7,No,310414,EVANS STATE #004,S,15-03-21S-36E,G,O,Jul-18,Aug-20,6916,Y,0,0,Y
30-025-20175,"$37,050",291444,DIAMOND S ENERGY COMPANY,7,7,No,310415,HEASLEY STATE #008,S,1-05-21S-36E,A,G,Jul-18,Aug-20,6025,Y,0,0,Y
30-025-20876,"$36,912",4323,CHEVRON U S A INC,1787,8,Yes,0,VACUUM GLORIETA WEST UNIT #022H,S,E-25-17S-34E,E,O,Jun-20,Jul-22,5956,0,0,0,0
30-025-20944,"$45,600",291444,DIAMOND S ENERGY COMPANY,7,7,No,310417,NEW MEXICO N STATE #008,S,1-30-17S-35E,D,O,Jul-18,Aug-20,10300,Y,0,0,Y
30-025-22935,"$40,000",260702,"RUTH OIL CO, LLC",2,2,No,305437,KEOHANE #003,P,K-06-20S-38E,K,O,Feb-15,Mar-17,7500,Y,0,12500,Y
30-025-23650,"$224,998",298299,"CROSS TIMBERS ENERGY, LLC",564,9,No,0,NORTH VACUUM ABO UNIT #149,S,J-27-17S-34E,J,I,Jul-20,Aug-22,99999,0,0,0,0
30-025-23726,"$35,080",37636,ROBINSON OIL INC,19,19,No,17450,SCHWALBE #001,P,P-21-09S-37E,P,S,Jun-15,Jul-17,5040,Y,0,0,Y
30-025-24003,"$42,700",298299,"CROSS TIMBERS ENERGY, LLC",564,9,No,0,NORTH VACUUM ABO EAST UNIT #002,S,3-07-17S-35E,L,I,Jun-19,Jul-21,8850,0,0,0,0
30-025-24287,"$45,890",268370,DC ENERGY LLC,3,3,No,306783,CROSBY DEEP #002,P,G-33-25S-37E,G,S,Nov-12,Dec-14,10445,Y,0,0,Y
30-025-24523,"$53,414",209564,WILDCAT ENERGY LLC,6,6,No,32336,ANTEBELLUM UNIT #001,S,N-21-23S-34E,N,O,Jun-18,Jul-20,14207,Y,0,0,Y
30-025-24609,"$31,924",154303,PRIMAL ENERGY CORPORATION,10,10,No,18951,HARRISON #001,P,A-07-25S-37E,A,O,Feb-10,Mar-12,3462,Y,0,0,Y
30-025-24641,"$32,242",154303,PRIMAL ENERGY CORPORATION,10,10,No,18954,JUDY #001,P,C-07-25S-37E,C,O,Aug-12,Sep-14,3621,Y,0,0,Y
30-025-24749,"$32,220",154303,PRIMAL ENERGY CORPORATION,10,10,No,0,HARRISON #002,P,H-07-25S-37E,H,O,Feb-10,Mar-12,3610,Y,0,0,Y
30-025-24836,"$38,600",4323,CHEVRON U S A INC,1787,8,Yes,0,H T MATTERN NCT D #009,P,4-06-22S-37E,D,O,Jun-20,Jul-22,6800,0,0,0,0
30-025-24876,"$49,804",209564,WILDCAT ENERGY LLC,6,6,No,29496,SHIPP 27 #001,P,O-27-16S-37E,O,O,Dec-09,Jan-12,12402,Y,0,17402,Y
30-025-25339,"$34,380",217817,CONOCOPHILLIPS COMPANY,1274,5,Yes,0,PHILLIPS E STATE #026,S,A-14-17S-33E,A,O,Jul-20,Aug-22,4690,0,0,0,0
30-025-25359,"$39,676",4323,CHEVRON U S A INC,1787,8,Yes,0,R E COLE NCT A #017,S,P-16-22S-37E,P,O,May-20,Jun-22,7338,0,0,0,0
30-025-25371,"$35,000",25482,XERIC OIL & GAS CORP,45,0,Yes,0,WEST PEARL QUEEN UNIT #169,S,N-28-19S-35E,N,O,Jan-05,Feb-07,5000,Y,0,0,Y
30-025-25420,"$40,106",4323,CHEVRON U S A INC,1787,8,Yes,0,VIVIAN #012,P,C-30-22S-38E,C,O,Apr-20,May-22,7553,0,0,0,0
30-025-25449,"$31,600",329326,FAE II Operating LLC,337,0,Yes,326364,COOPER SR A #001,P,B-23-24S-36E,B,G,Jun-20,Jul-22,3300,0,0,0,0
30-025-25561,"$35,036",371484,"ROVER OPERATING, LLC",286,0,Yes,0,SFPRR #022,P,G-33-09S-37E,G,O,May-20,Jun-22,5018,0,0,0,0
30-025-25572,"$50,600",328599,"Ring Energy, Inc",45,6,No,0,State T Devonian #009,S,N-02-15S-37E,N,O,May-06,Jun-08,12800,Y,Y,0,0
30-025-25574,"$50,600",328599,"Ring Energy, Inc",45,6,No,0,State T Devonian #009,S,N-02-15S-37E,N,O,May-06,Jun-08,12800,Y,Y,0,0
30-025-25576,"$50,600",328599,"Ring Energy, Inc",45,6,No,0,State T Devonian #009,S,N-02-15S-37E,N,O,May-06,Jun-08,12800,Y,Y,0,0
30-025-25579,"$50,600",328599,"Ring Energy, Inc",45,6,No,0,State T Devonian #009,S,N-02-15S-37E,N,O,May-06,Jun-08,12800,Y,Y,0,0
30-025-25581,"$50,600",328599,"Ring Energy, Inc",45,6,No,0,State T Devonian #009,S,N-02-15S-37E,N,O,May-06,Jun-08,12800,Y,Y,0,0
30-025-25584,"$50,600",328599,"Ring Energy, Inc",45,6,No,0,State T Devonian #009,S,N-02-15S-37E,N,O,May-06,Jun-08,12800,Y,Y,0,0
30-025-25589,"$50,600",328599,"Ring Energy, Inc",45,6,No,0,State T Devonian #009,S,N-02-15S-37E,N,O,May-06,Jun-08,12800,Y,Y,0,0
30-025-25591,"$50,600",328599,"Ring Energy, Inc",45,6,No,0,State T Devonian #009,S,N-02-15S-37E,N,O,May-06,Jun-08,12800,Y,Y,0,0
30-025-25631,"$32,400",329326,FAE II Operating LLC,337,0,Yes,326347,ADELE SOWELL #001,P,P-19-24S-37E,P,G,Jun-20,Jul-22,3700,0,0,0,0
30-025-25646,"$35,088",37636,ROBINSON OIL INC,19,19,No,0,SCHWALBE #002,P,O-21-09S-37E,O,O,Jun-15,Jul-17,5044,Y,0,0,Y
30-025-25856,"$31,420",14372,MCDONNOLD OPERATING INC,29,7,No,0,LITIE WOOLWORTH #005,P,N-28-24S-37E,N,G,May-20,Jun-22,3210,0,0,0,0
30-025-25857,"$31,420",14372,MCDONNOLD OPERATING INC,29,7,No,0,LITIE WOOLWORTH #005,P,N-28-24S-37E,N,G,May-20,Jun-22,3210,0,0,0,0
30-025-25858,"$31,420",14372,MCDONNOLD OPERATING INC,29,7,No,0,LITIE WOOLWORTH #005,P,N-28-24S-37E,N,G,May-20,Jun-22,3210,0,0,0,0
30-025-25859,"$31,420",14372,MCDONNOLD OPERATING INC,29,7,No,0,LITIE WOOLWORTH #005,P,N-28-24S-37E,N,G,May-20,Jun-22,3210,0,0,0,0
30-025-25860,"$31,420",14372,MCDONNOLD OPERATING INC,29,7,No,0,LITIE WOOLWORTH #005,P,N-28-24S-37E,N,G,May-20,Jun-22,3210,0,0,0,0
30-025-25897,"$52,056",173413,E G L RESOURCES INC,21,2,Yes,328275,LEA ED STATE NCT-A #002,S,K-16-19S-34E,K,G,Jun-20,Jul-22,13528,0,0,0,0
30-025-25904,"$52,056",173413,E G L RESOURCES INC,21,2,Yes,328275,LEA ED STATE NCT-A #002,S,K-16-19S-34E,K,G,Jun-20,Jul-22,13528,0,0,0,0
30-025-25960,"$31,840",4058,CHANCE PROPERTIES COMPANY,1,1,No,28045,LEA 20 #001,S,P-20-26S-36E,P,S,Aug-17,Sep-19,3420,Y,0,0,Y
30-025-25980,"$35,514",157984,OCCIDENTAL PERMIAN LTD,689,0,Yes,0,STATE C TR 11 #007,S,O-02-21S-36E,O,O,Jun-20,Jul-22,5257,0,0,0,0
30-025-25981,"$35,514",157984,OCCIDENTAL PERMIAN LTD,689,0,Yes,0,STATE C TR 11 #007,S,O-02-21S-36E,O,O,Jun-20,Jul-22,5257,0,0,0,0
30-025-25982,"$35,514",157984,OCCIDENTAL PERMIAN LTD,689,0,Yes,0,STATE C TR 11 #007,S,O-02-21S-36E,O,O,Jun-20,Jul-22,5257,0,0,0,0
30-025-25983,"$35,514",157984,OCCIDENTAL PERMIAN LTD,689,0,Yes,0,STATE C TR 11 #007,S,O-02-21S-36E,O,O,Jun-20,Jul-22,5257,0,0,0,0
30-025-26262,"$32,000",154303,PRIMAL ENERGY CORPORATION,10,10,No,0,JUDY #003,P,F-07-25S-37E,F,O,Aug-12,Sep-14,3500,Y,0,0,Y
30-025-26288,"$40,294",4323,CHEVRON U S A INC,1787,8,Yes,0,ALICE PADDOCK #008,P,J-01-22S-37E,J,G,Feb-19,Mar-21,7647,0,0,0,0
30-025-26290,"$40,294",4323,CHEVRON U S A INC,1787,8,Yes,0,ALICE PADDOCK #008,P,J-01-22S-37E,J,G,Feb-19,Mar-21,7647,0,0,0,0
30-025-26458,"$40,000",258350,"Grizzly Operating, LLC",883,13,No,0,GRIZZELL B #003,P,H-08-22S-37E,H,O,Jul-20,Aug-22,7500,0,0,0,0
30-025-26728,"$40,016",873,APACHE CORPORATION,2973,7,Yes,0,GRIZZELL #010,P,I-08-22S-37E,I,O,Jan-17,Feb-19,7508,Y,Y,0,0
30-025-26848,"$51,410",168687,SIANA OPERATING LLC,11,11,No,32591,CURRY STATE #001,S,A-22-23S-34E,A,O,Feb-93,Mar-95,13205,Y,0,18205,Y
30-025-27130,"$32,400",291444,DIAMOND S ENERGY COMPANY,7,7,No,0,EVANS STATE #006,S,7-03-21S-36E,B,G,Jul-18,Aug-20,3700,Y,0,0,Y
30-025-27188,"$40,000",258350,"Grizzly Operating, LLC",883,13,No,0,GRIZZELL #003,P,O-05-22S-37E,O,G,May-20,Jun-22,7500,0,0,0,0
30-025-27190,"$40,000",258350,"Grizzly Operating, LLC",883,13,No,0,GRIZZELL #003,P,O-05-22S-37E,O,G,May-20,Jun-22,7500,0,0,0,0
30-025-27359,"$34,600",217817,CONOCOPHILLIPS COMPANY,1274,5,Yes,0,EAST VACUUM (GSA) UNIT #600,S,B-27-17S-35E,B,I,Jul-20,Aug-22,4800,0,0,0,0
30-025-27371,"$32,512",873,APACHE CORPORATION,2973,7,Yes,0,WM H HARRISON D WN COM #007,P,K-29-24S-37E,K,G,Jul-20,Aug-22,3756,0,0,0,0
30-025-27416,"$35,200",1340,AVRA OIL CO,3,3,No,1604,WILLIAMS #001,P,G-11-18S-38E,G,O,Oct-17,Nov-19,5100,Y,0,0,Y
30-025-27435,"$44,798",162683,CIMAREX ENERGY CO. OF COLORADO,455,6,No,300556,STATE HH #001H,S,H-36-19S-32E,H,O,Jun-20,Jul-22,9899,0,0,0,0
30-025-27504,"$38,840",291444,DIAMOND S ENERGY COMPANY,7,7,No,310418,R R BELL NCT E #004,P,C-11-21S-36E,C,O,Jul-18,Aug-20,6920,Y,0,0,Y
30-025-27521,"$32,606",16696,OXY USA INC,2322,0,Yes,0,ARNOTT RAMSAY NCT E #012,S,C-16-25S-37E,C,O,Jun-20,Jul-22,3803,0,0,0,0
30-025-28554,"$33,720",372233,"MAMMOTH EXPLORATION, LLC",69,12,No,321544,STATE 15 #001,S,O-15-19S-36E,O,O,Apr-18,May-20,4360,Y,0,0,Y
30-025-28647,"$50,008",168687,SIANA OPERATING LLC,11,11,No,0,CURRY STATE #002,S,C-22-23S-34E,C,O,Jul-16,Aug-18,12504,Y,0,0,Y
30-025-29030,"$38,800",291444,DIAMOND S ENERGY COMPANY,7,7,No,0,EVANS STATE #007,S,16-03-21S-36E,H,O,Jul-18,Aug-20,6900,Y,0,0,Y
30-025-30107,"$50,300",1092,ARMSTRONG ENERGY CORP,125,13,No,0,TRINITY BURRUS ABO UNIT #021,S,N-23-12S-38E,N,I,Jun-19,Jul-21,12650,0,0,0,0
30-025-30812,"$32,050",154303,PRIMAL ENERGY CORPORATION,10,10,No,18946,COCHISE-KING GAS COM #001,P,F-12-23S-36E,F,G,Jul-06,Aug-08,3525,Y,0,0,Y
30-025-31933,"$33,200",268370,DC ENERGY LLC,3,3,No,0,MEXICO U #004,S,B-08-19S-38E,B,O,Mar-15,Apr-17,4100,Y,0,0,Y
30-025-32937,"$37,200",240974,"LEGACY RESERVES OPERATING, LP",1020,26,No,0,SOUTH JUSTIS UNIT #298,S,P-25-25S-37E,P,O,Jun-20,Jul-22,6100,0,0,0,0
30-025-33041,"$38,600",241333,"CHEVRON MIDCONTINENT, L.P.",198,1,Yes,0,L G WARLICK #004,P,A-19-21S-37E,A,O,Jul-20,Aug-22,6800,0,0,0,0
30-025-33361,"$32,500",17213,PENROC OIL CORP,285,6,No,0,SKELLY B STATE COM #005,S,D-16-21S-36E,D,G,Jun-20,Jul-22,3750,0,0,0,0
30-025-33362,"$32,500",17213,PENROC OIL CORP,285,6,No,0,SKELLY B STATE COM #005,S,D-16-21S-36E,D,G,Jun-20,Jul-22,3750,0,0,0,0
30-025-33363,"$32,500",17213,PENROC OIL CORP,285,6,No,0,SKELLY B STATE COM #005,S,D-16-21S-36E,D,G,Jun-20,Jul-22,3750,0,0,0,0
30-025-33513,"$41,200",168687,SIANA OPERATING LLC,11,11,No,23387,BLUE DUNN #001,P,E-26-19S-36E,E,O,Feb-16,Mar-18,8100,Y,0,0,Y
30-025-33616,"$41,050",168687,SIANA OPERATING LLC,11,11,No,0,BLUE DUNN #002,P,D-26-19S-36E,D,O,Feb-16,Mar-18,8025,Y,0,0,Y
30-025-33860,"$40,100",4323,CHEVRON U S A INC,1787,8,Yes,0,S J SARKEYS 26 #007,P,D-26-21S-37E,D,O,Jun-20,Jul-22,7550,0,0,0,0
30-025-34052,"$40,204",168687,SIANA OPERATING LLC,11,11,No,23388,ROYAL TRUDE #001,S,P-22-19S-36E,P,O,Jun-16,Jul-18,7602,Y,0,0,Y
30-025-35039,"$41,630",291444,DIAMOND S ENERGY COMPANY,7,7,No,310413,CAYLOR 6 #001,P,K-06-17S-37E,K,O,Jul-18,Aug-20,8315,Y,0,0,Y
30-025-35314,"$33,400",370080,BREITBURN OPERATING LP,264,4,Yes,0,JALMAT FIELD YATES SAND UNIT #172,S,C-11-22S-35E,C,O,Jun-20,Jul-22,4200,0,0,0,0
30-025-39908,"$40,640",168687,SIANA OPERATING LLC,11,11,No,0,CURRY STATE #005,S,E-22-23S-34E,E,O,Jul-16,Aug-18,7820,Y,0,0,Y
30-025-41453,"$40,592",168687,SIANA OPERATING LLC,11,11,No,0,CURRY STATE #006,S,D-22-23S-34E,D,O,Mar-16,Apr-18,7796,Y,0,0,Y
30-039-05111,"$40,600",329413,"Moran-Lavaca, LLC",1,0,Yes,327216,WALLACE RANCH #001,P,B-19-09N-33E,B,O,Jan-00,Jan-00,7800,0,0,50000,0
30-039-05135,"$40,600",329413,"Moran-Lavaca, LLC",1,0,Yes,327216,WALLACE RANCH #001,P,B-19-09N-33E,B,O,Jan-00,Jan-00,7800,0,0,50000,0
30-039-05236,"$29,700",15501,NANCY WILCOX E QUALLS,4,4,No,0,C P STATE #002,S,K-36-24N-06W,K,G,Apr-14,May-16,2350,Y,0,5000,Y
30-039-05252,"$29,720",15501,NANCY WILCOX E QUALLS,4,4,No,0,C P STATE #003,S,H-36-24N-06W,H,G,Jul-14,Aug-16,2360,Y,0,5000,Y
30-039-05295,"$31,278",371838,"DJR OPERATING, LLC",753,3,Yes,320398,H B BROWNING #001,P,C-33-24N-01W,C,G,Dec-17,Jan-20,3139,Y,0,31278,0
30-039-05312,"$31,278",371838,"DJR OPERATING, LLC",753,3,Yes,320398,H B BROWNING #001,P,C-33-24N-01W,C,G,Dec-17,Jan-20,3139,Y,0,31278,0
30-039-05634,"$29,682",15501,NANCY WILCOX E QUALLS,4,4,No,0,C P STATE #004,S,P-02-24N-06W,P,G,Oct-14,Nov-16,2341,Y,0,5000,Y
30-039-05667,"$30,050",15501,NANCY WILCOX E QUALLS,4,4,No,9439,C P STATE #001,S,8-02-24N-06W,H,G,Jul-13,Aug-15,2525,Y,0,5000,Y
30-039-20528,"$32,806",372171,HILCORP ENERGY COMPANY,11595,2,Yes,0,CANYON LARGO UNIT #183,S,2-02-25N-06W,B,G,Jun-20,Jul-22,3903,0,0,0,0
30-039-20558,"$38,640",289408,"LOGOS OPERATING, LLC",1229,7,Yes,310177,OLD ROCK COM #002,P,P-28-25N-06W,P,G,Oct-17,Nov-19,6820,Y,0,38640,0
30-039-20559,"$38,640",289408,"LOGOS OPERATING, LLC",1229,7,Yes,310177,OLD ROCK COM #002,P,P-28-25N-06W,P,G,Oct-17,Nov-19,6820,Y,0,38640,0
30-039-20580,"$38,640",289408,"LOGOS OPERATING, LLC",1229,7,Yes,310177,OLD ROCK COM #002,P,P-28-25N-06W,P,G,Oct-17,Nov-19,6820,Y,0,38640,0
30-039-20598,"$38,640",289408,"LOGOS OPERATING, LLC",1229,7,Yes,310177,OLD ROCK COM #002,P,P-28-25N-06W,P,G,Oct-17,Nov-19,6820,Y,0,38640,0
30-039-21230,"$36,356",372171,HILCORP ENERGY COMPANY,11595,2,Yes,0,SAN JUAN 29 6 UNIT #037A,S,P-16-29N-06W,P,G,Jun-20,Jul-22,5678,0,0,0,0
30-039-21824,"$37,608",330132,MorningStar Operating LLC,992,14,No,329277,STATE BANCOS #001,S,D-32-32N-05W,D,G,Jul-20,Aug-22,6304,0,0,0,0
30-039-21827,"$37,608",330132,MorningStar Operating LLC,992,14,No,329277,STATE BANCOS #001,S,D-32-32N-05W,D,G,Jul-20,Aug-22,6304,0,0,0,0
30-039-22681,"$42,364",372171,HILCORP ENERGY COMPANY,11595,2,Yes,0,SAN JUAN 30 5 UNIT #077,S,G-36-30N-05W,G,G,Jun-20,Jul-22,8682,0,0,0,0
30-039-22826,"$31,320",371710,"ADVANCED WIRELESS COMMUNICATIONS, L.L.C.",166,6,No,0,BROWN #002,P,G-34-24N-02W,G,G,Jun-20,Jul-22,3160,0,0,0,0
30-039-22859,"$35,878",372286,"ENDURING RESOURCES, LLC",929,10,No,0,RINCON UNIT #233,S,L-02-26N-07W,L,G,Jun-20,Jul-22,5439,0,0,0,0
30-039-22864,"$35,878",372286,"ENDURING RESOURCES, LLC",929,10,No,0,RINCON UNIT #233,S,L-02-26N-07W,L,G,Jun-20,Jul-22,5439,0,0,0,0
30-039-22956,"$40,040",298299,"CROSS TIMBERS ENERGY, LLC",564,9,No,312466,STATE B COM #233E,S,K-16-26N-06W,K,G,Jul-20,Aug-22,7520,0,0,0,0
30-039-22957,"$40,040",298299,"CROSS TIMBERS ENERGY, LLC",564,9,No,312466,STATE B COM #233E,S,K-16-26N-06W,K,G,Jul-20,Aug-22,7520,0,0,0,0
30-039-22960,"$40,040",298299,"CROSS TIMBERS ENERGY, LLC",564,9,No,312466,STATE B COM #233E,S,K-16-26N-06W,K,G,Jul-20,Aug-22,7520,0,0,0,0
30-039-23000,"$41,180",372171,HILCORP ENERGY COMPANY,11595,2,Yes,0,SAN JUAN 31 6 UNIT #042,S,B-36-31N-06W,B,G,Jun-20,Jul-22,8090,0,0,0,0
30-039-23022,"$41,180",372171,HILCORP ENERGY COMPANY,11595,2,Yes,0,SAN JUAN 31 6 UNIT #042,S,B-36-31N-06W,B,G,Jun-20,Jul-22,8090,0,0,0,0
30-039-23023,"$41,180",372171,HILCORP ENERGY COMPANY,11595,2,Yes,0,SAN JUAN 31 6 UNIT #042,S,B-36-31N-06W,B,G,Jun-20,Jul-22,8090,0,0,0,0
30-039-23024,"$41,180",372171,HILCORP ENERGY COMPANY,11595,2,Yes,0,SAN JUAN 31 6 UNIT #042,S,B-36-31N-06W,B,G,Jun-20,Jul-22,8090,0,0,0,0
30-039-23047,"$41,180",372171,HILCORP ENERGY COMPANY,11595,2,Yes,0,SAN JUAN 31 6 UNIT #042,S,B-36-31N-06W,B,G,Jun-20,Jul-22,8090,0,0,0,0
30-039-23108,"$38,380",14634,MERRION OIL & GAS CORP,66,0,Yes,7749,CANADA MESA COM #004E,P,F-10-24N-06W,F,O,Jul-20,Aug-22,6690,0,0,0,0
30-039-23109,"$38,380",14634,MERRION OIL & GAS CORP,66,0,Yes,7749,CANADA MESA COM #004E,P,F-10-24N-06W,F,O,Jul-20,Aug-22,6690,0,0,0,0
30-039-23124,"$40,832",372171,HILCORP ENERGY COMPANY,11595,2,Yes,0,SAN JUAN 31 6 UNIT #046,S,A-32-31N-06W,A,G,Jun-20,Jul-22,7916,0,0,0,0
30-039-23125,"$40,832",372171,HILCORP ENERGY COMPANY,11595,2,Yes,0,SAN JUAN 31 6 UNIT #046,S,A-32-31N-06W,A,G,Jun-20,Jul-22,7916,0,0,0,0
30-039-23201,"$38,180",15938,N M & O OPERATING CO,41,1,Yes,8263,GAVILAN #003,P,E-26-25N-02W,E,O,Jan-20,Feb-22,6590,0,0,13160,0
30-039-23204,"$38,180",15938,N M & O OPERATING CO,41,1,Yes,8263,GAVILAN #003,P,E-26-25N-02W,E,O,Jan-20,Feb-22,6590,0,0,13160,0
30-039-23205,"$38,180",15938,N M & O OPERATING CO,41,1,Yes,8263,GAVILAN #003,P,E-26-25N-02W,E,O,Jan-20,Feb-22,6590,0,0,13160,0
30-039-23215,"$31,788",2096,BENSON-MONTIN-GREER DRILLING CORP,85,3,No,0,EAST PUERTO CHIQUITO MANCOS UNIT #035,P,M-09-26N-01E,M,O,Jul-20,Aug-22,3394,0,0,0,0
30-039-23218,"$31,788",2096,BENSON-MONTIN-GREER DRILLING CORP,85,3,No,0,EAST PUERTO CHIQUITO MANCOS UNIT #035,P,M-09-26N-01E,M,O,Jul-20,Aug-22,3394,0,0,0,0
30-039-23220,"$31,788",2096,BENSON-MONTIN-GREER DRILLING CORP,85,3,No,0,EAST PUERTO CHIQUITO MANCOS UNIT #035,P,M-09-26N-01E,M,O,Jul-20,Aug-22,3394,0,0,0,0
30-039-23221,"$31,788",2096,BENSON-MONTIN-GREER DRILLING CORP,85,3,No,0,EAST PUERTO CHIQUITO MANCOS UNIT #035,P,M-09-26N-01E,M,O,Jul-20,Aug-22,3394,0,0,0,0
30-039-23222,"$31,788",2096,BENSON-MONTIN-GREER DRILLING CORP,85,3,No,0,EAST PUERTO CHIQUITO MANCOS UNIT #035,P,M-09-26N-01E,M,O,Jul-20,Aug-22,3394,0,0,0,0
30-039-23273,"$37,168",372171,HILCORP ENERGY COMPANY,11595,2,Yes,0,CANYON LARGO UNIT #327,S,O-32-25N-06W,O,O,Jun-20,Jul-22,6084,0,0,0,0
30-039-23286,"$224,998",214263,PRE-ONGARD WELL OPERATOR,40,0,Yes,0,PRE-ONGARD WELL #006,P,L-23-28N-01E,L,O,Jan-00,Jan-00,99999,0,0,0,0
30-039-23301,"$224,998",214263,PRE-ONGARD WELL OPERATOR,40,0,Yes,0,PRE-ONGARD WELL #006,P,L-23-28N-01E,L,O,Jan-00,Jan-00,99999,0,0,0,0
30-039-23302,"$224,998",214263,PRE-ONGARD WELL OPERATOR,40,0,Yes,0,PRE-ONGARD WELL #006,P,L-23-28N-01E,L,O,Jan-00,Jan-00,99999,0,0,0,0
30-039-23389,"$41,320",15938,N M & O OPERATING CO,41,1,Yes,19738,HAWK FEDERAL #002,P,C-35-25N-02W,C,O,Jul-20,Aug-22,8160,0,0,0,0
30-039-23390,"$41,320",15938,N M & O OPERATING CO,41,1,Yes,19738,HAWK FEDERAL #002,P,C-35-25N-02W,C,O,Jul-20,Aug-22,8160,0,0,0,0
30-039-23416,"$41,320",15938,N M & O OPERATING CO,41,1,Yes,19738,HAWK FEDERAL #002,P,C-35-25N-02W,C,O,Jul-20,Aug-22,8160,0,0,0,0
30-039-23417,"$41,320",15938,N M & O OPERATING CO,41,1,Yes,19738,HAWK FEDERAL #002,P,C-35-25N-02W,C,O,Jul-20,Aug-22,8160,0,0,0,0
30-039-23418,"$41,320",15938,N M & O OPERATING CO,41,1,Yes,19738,HAWK FEDERAL #002,P,C-35-25N-02W,C,O,Jul-20,Aug-22,8160,0,0,0,0
30-039-23419,"$41,320",15938,N M & O OPERATING CO,41,1,Yes,19738,HAWK FEDERAL #002,P,C-35-25N-02W,C,O,Jul-20,Aug-22,8160,0,0,0,0
30-039-23420,"$41,320",15938,N M & O OPERATING CO,41,1,Yes,19738,HAWK FEDERAL #002,P,C-35-25N-02W,C,O,Jul-20,Aug-22,8160,0,0,0,0
30-039-23421,"$41,320",15938,N M & O OPERATING CO,41,1,Yes,19738,HAWK FEDERAL #002,P,C-35-25N-02W,C,O,Jul-20,Aug-22,8160,0,0,0,0
30-039-23422,"$41,320",15938,N M & O OPERATING CO,41,1,Yes,19738,HAWK FEDERAL #002,P,C-35-25N-02W,C,O,Jul-20,Aug-22,8160,0,0,0,0
30-039-23488,"$37,044",14634,MERRION OIL & GAS CORP,66,0,Yes,0,EDNA #003R,P,1-07-24N-06W,D,O,Feb-20,Mar-22,6022,0,0,0,0
30-039-23508,"$37,044",14634,MERRION OIL & GAS CORP,66,0,Yes,0,EDNA #003R,P,1-07-24N-06W,D,O,Feb-20,Mar-22,6022,0,0,0,0
30-039-23535,"$37,044",14634,MERRION OIL & GAS CORP,66,0,Yes,0,EDNA #003R,P,1-07-24N-06W,D,O,Feb-20,Mar-22,6022,0,0,0,0
30-039-23536,"$37,044",14634,MERRION OIL & GAS CORP,66,0,Yes,0,EDNA #003R,P,1-07-24N-06W,D,O,Feb-20,Mar-22,6022,0,0,0,0
30-039-23537,"$37,044",14634,MERRION OIL & GAS CORP,66,0,Yes,0,EDNA #003R,P,1-07-24N-06W,D,O,Feb-20,Mar-22,6022,0,0,0,0
30-039-23543,"$37,044",14634,MERRION OIL & GAS CORP,66,0,Yes,0,EDNA #003R,P,1-07-24N-06W,D,O,Feb-20,Mar-22,6022,0,0,0,0
30-039-23545,"$37,044",14634,MERRION OIL & GAS CORP,66,0,Yes,0,EDNA #003R,P,1-07-24N-06W,D,O,Feb-20,Mar-22,6022,0,0,0,0
30-039-23546,"$37,044",14634,MERRION OIL & GAS CORP,66,0,Yes,0,EDNA #003R,P,1-07-24N-06W,D,O,Feb-20,Mar-22,6022,0,0,0,0
30-039-23547,"$37,044",14634,MERRION OIL & GAS CORP,66,0,Yes,0,EDNA #003R,P,1-07-24N-06W,D,O,Feb-20,Mar-22,6022,0,0,0,0
30-039-23569,"$37,044",14634,MERRION OIL & GAS CORP,66,0,Yes,0,EDNA #003R,P,1-07-24N-06W,D,O,Feb-20,Mar-22,6022,0,0,0,0
30-039-23570,"$37,044",14634,MERRION OIL & GAS CORP,66,0,Yes,0,EDNA #003R,P,1-07-24N-06W,D,O,Feb-20,Mar-22,6022,0,0,0,0
30-039-23733,"$37,460",372171,HILCORP ENERGY COMPANY,11595,2,Yes,0,SAN JUAN 28 5 UNIT #030A,P,D-22-28N-05W,D,G,Jun-20,Jul-22,6230,0,0,0,0
30-039-23734,"$37,460",372171,HILCORP ENERGY COMPANY,11595,2,Yes,0,SAN JUAN 28 5 UNIT #030A,P,D-22-28N-05W,D,G,Jun-20,Jul-22,6230,0,0,0,0
30-039-23745,"$31,690",372497,"RIM OPERATING, INC.",112,5,Yes,0,SALAZAR #011,P,C-22-25N-06W,C,G,Jul-20,Aug-22,3345,0,0,0,0
30-039-24004,"$40,700",2096,BENSON-MONTIN-GREER DRILLING CORP,85,3,No,0,CANADA OJITOS UNIT #032,P,J-06-25N-01W,J,O,Jul-20,Aug-22,7850,0,0,0,0
30-039-24008,"$40,700",2096,BENSON-MONTIN-GREER DRILLING CORP,85,3,No,0,CANADA OJITOS UNIT #032,P,J-06-25N-01W,J,O,Jul-20,Aug-22,7850,0,0,0,0
30-039-24009,"$40,700",2096,BENSON-MONTIN-GREER DRILLING CORP,85,3,No,0,CANADA OJITOS UNIT #032,P,J-06-25N-01W,J,O,Jul-20,Aug-22,7850,0,0,0,0
30-039-24010,"$40,700",2096,BENSON-MONTIN-GREER DRILLING CORP,85,3,No,0,CANADA OJITOS UNIT #032,P,J-06-25N-01W,J,O,Jul-20,Aug-22,7850,0,0,0,0
30-039-24032,"$40,700",2096,BENSON-MONTIN-GREER DRILLING CORP,85,3,No,0,CANADA OJITOS UNIT #032,P,J-06-25N-01W,J,O,Jul-20,Aug-22,7850,0,0,0,0
30-039-24082,"$41,900",372497,"RIM OPERATING, INC.",112,5,Yes,319839,COUGAR COM 4 #001A,P,I-04-25N-02W,I,G,Jul-20,Aug-22,8450,0,0,0,0
30-039-24125,"$41,632",143199,ENERVEST OPERATING L.L.C.,390,8,No,301267,BEAR CANYON UNIT #001,P,G-15-26N-02W,G,O,Jul-20,Aug-22,8316,0,0,0,0
30-039-24134,"$37,740",372834,"EPIC ENERGY, L.L.C.",420,3,Yes,0,STATE H #006,S,I-02-23N-07W,I,O,Jun-20,Jul-22,6370,0,0,0,0
30-039-24150,"$38,222",372834,"EPIC ENERGY, L.L.C.",420,3,Yes,320987,STATE J #001,S,A-16-23N-07W,A,O,May-20,Jun-22,6611,0,0,0,0
30-039-24341,"$30,934",372171,HILCORP ENERGY COMPANY,11595,2,Yes,0,SAN JUAN 30 6 UNIT #445,P,L-13-30N-06W,L,G,Jun-20,Jul-22,2967,0,0,0,0
30-039-25030,"$37,872",372834,"EPIC ENERGY, L.L.C.",420,3,Yes,0,STATE H #007,S,F-02-23N-07W,F,O,Jun-20,Jul-22,6436,0,0,0,0
30-041-20049,"$33,944",164557,RIDGEWAY ARIZONA OIL CORP.,342,10,No,0,ANDERSON STATE #005,S,H-36-07S-32E,H,O,Jul-10,Aug-12,4472,Y,Y,0,0
30-041-20431,"$33,990",164557,RIDGEWAY ARIZONA OIL CORP.,342,10,No,0,STATE 32-7-33 UNIT #015,S,L-32-07S-33E,L,O,Nov-12,Dec-14,4495,Y,Y,0,0
30-041-20440,"$33,990",164557,RIDGEWAY ARIZONA OIL CORP.,342,10,No,0,STATE 32-7-33 UNIT #015,S,L-32-07S-33E,L,O,Nov-12,Dec-14,4495,Y,Y,0,0
30-041-20441,"$33,990",164557,RIDGEWAY ARIZONA OIL CORP.,342,10,No,0,STATE 32-7-33 UNIT #015,S,L-32-07S-33E,L,O,Nov-12,Dec-14,4495,Y,Y,0,0
30-041-20445,"$33,810",248802,"CANO PETRO OF NEW MEXICO, INC.",322,307,No,303575,STATE #001,S,E-32-07S-32E,E,O,Jan-92,Feb-94,4405,Y,0,9405,Y
30-041-20450,"$33,810",248802,"CANO PETRO OF NEW MEXICO, INC.",322,307,No,303575,STATE #001,S,E-32-07S-32E,E,O,Jan-92,Feb-94,4405,Y,0,9405,Y
30-041-20458,"$40,880",328992,"Sabinal Energy Operating, LLC",62,1,Yes,325968,LAMBIRTH #004,P,O-31-05S-33E,O,G,Jul-20,Aug-22,7940,0,0,0,0
30-041-20464,"$40,880",328992,"Sabinal Energy Operating, LLC",62,1,Yes,325968,LAMBIRTH #004,P,O-31-05S-33E,O,G,Jul-20,Aug-22,7940,0,0,0,0
30-041-20469,"$40,880",328992,"Sabinal Energy Operating, LLC",62,1,Yes,325968,LAMBIRTH #004,P,O-31-05S-33E,O,G,Jul-20,Aug-22,7940,0,0,0,0
30-041-20477,"$33,686",164557,RIDGEWAY ARIZONA OIL CORP.,342,10,No,303368,CHAVEROO SAN ANDRES UNIT #002,P,J-34-07S-32E,J,O,Jan-08,Feb-10,4343,Y,Y,0,0
30-041-20485,"$33,650",164557,RIDGEWAY ARIZONA OIL CORP.,342,10,No,0,CHAVEROO SAN ANDRES UNIT #003,P,I-34-07S-32E,I,O,Mar-20,Apr-22,4325,0,0,0,0
30-041-20486,"$33,650",164557,RIDGEWAY ARIZONA OIL CORP.,342,10,No,0,CHAVEROO SAN ANDRES UNIT #003,P,I-34-07S-32E,I,O,Mar-20,Apr-22,4325,0,0,0,0
30-041-20487,"$33,650",164557,RIDGEWAY ARIZONA OIL CORP.,342,10,No,0,CHAVEROO SAN ANDRES UNIT #003,P,I-34-07S-32E,I,O,Mar-20,Apr-22,4325,0,0,0,0
30-041-20488,"$33,650",164557,RIDGEWAY ARIZONA OIL CORP.,342,10,No,0,CHAVEROO SAN ANDRES UNIT #003,P,I-34-07S-32E,I,O,Mar-20,Apr-22,4325,0,0,0,0
30-041-20495,"$33,650",164557,RIDGEWAY ARIZONA OIL CORP.,342,10,No,0,CHAVEROO SAN ANDRES UNIT #003,P,I-34-07S-32E,I,O,Mar-20,Apr-22,4325,0,0,0,0
30-041-20496,"$33,650",164557,RIDGEWAY ARIZONA OIL CORP.,342,10,No,0,CHAVEROO SAN ANDRES UNIT #003,P,I-34-07S-32E,I,O,Mar-20,Apr-22,4325,0,0,0,0
30-041-20497,"$33,650",164557,RIDGEWAY ARIZONA OIL CORP.,342,10,No,0,CHAVEROO SAN ANDRES UNIT #003,P,I-34-07S-32E,I,O,Mar-20,Apr-22,4325,0,0,0,0
30-041-20498,"$33,650",164557,RIDGEWAY ARIZONA OIL CORP.,342,10,No,0,CHAVEROO SAN ANDRES UNIT #003,P,I-34-07S-32E,I,O,Mar-20,Apr-22,4325,0,0,0,0
30-041-20499,"$33,650",164557,RIDGEWAY ARIZONA OIL CORP.,342,10,No,0,CHAVEROO SAN ANDRES UNIT #003,P,I-34-07S-32E,I,O,Mar-20,Apr-22,4325,0,0,0,0
30-041-20509,"$33,650",164557,RIDGEWAY ARIZONA OIL CORP.,342,10,No,0,CHAVEROO SAN ANDRES UNIT #003,P,I-34-07S-32E,I,O,Mar-20,Apr-22,4325,0,0,0,0
30-041-20510,"$33,650",164557,RIDGEWAY ARIZONA OIL CORP.,342,10,No,0,CHAVEROO SAN ANDRES UNIT #003,P,I-34-07S-32E,I,O,Mar-20,Apr-22,4325,0,0,0,0
30-041-20542,"$33,780",248802,"CANO PETRO OF NEW MEXICO, INC.",322,307,No,0,STATE #002,S,D-32-07S-32E,D,O,May-00,Jun-02,4390,Y,0,9390,Y
30-041-20549,"$41,000",37277,SUMMIT RESOURCES MANAGEMENT LLC,6,3,No,23996,AMOCO STATE #002,S,M-16-04S-33E,M,O,Oct-19,Nov-21,8000,0,0,13000,0
30-041-20566,"$40,854",195670,"ROBERTSON RESOURCES, INC",16,1,Yes,0,BLEDSOE #002,P,A-11-06S-33E,A,G,Jul-20,Aug-22,7927,0,0,0,0
30-041-20567,"$40,854",195670,"ROBERTSON RESOURCES, INC",16,1,Yes,0,BLEDSOE #002,P,A-11-06S-33E,A,G,Jul-20,Aug-22,7927,0,0,0,0
30-041-20585,"$41,260",328992,"Sabinal Energy Operating, LLC",62,1,Yes,0,LAMBIRTH A #006,P,J-30-05S-33E,J,S,Apr-20,May-22,8130,0,0,0,0
30-043-20186,"$36,400",289408,"LOGOS OPERATING, LLC",1229,7,Yes,319476,CHAPMAN #001,P,N-20-23N-06W,N,O,Jun-20,Jul-22,5700,0,0,0,0
30-043-20253,"$36,400",289408,"LOGOS OPERATING, LLC",1229,7,Yes,319476,CHAPMAN #001,P,N-20-23N-06W,N,O,Jun-20,Jul-22,5700,0,0,0,0
30-043-20279,"$36,400",289408,"LOGOS OPERATING, LLC",1229,7,Yes,319476,CHAPMAN #001,P,N-20-23N-06W,N,O,Jun-20,Jul-22,5700,0,0,0,0
30-043-20305,"$36,400",289408,"LOGOS OPERATING, LLC",1229,7,Yes,319476,CHAPMAN #001,P,N-20-23N-06W,N,O,Jun-20,Jul-22,5700,0,0,0,0
30-043-20557,"$29,200",6515,DUGAN PRODUCTION CORP,1062,10,Yes,3653,DOME STATE 32-22-6 #002,S,A-32-22N-06W,A,G,Jun-20,Jul-22,2100,0,0,0,0
30-043-20558,"$29,200",6515,DUGAN PRODUCTION CORP,1062,10,Yes,3653,DOME STATE 32-22-6 #002,S,A-32-22N-06W,A,G,Jun-20,Jul-22,2100,0,0,0,0
30-043-20559,"$29,200",6515,DUGAN PRODUCTION CORP,1062,10,Yes,3653,DOME STATE 32-22-6 #002,S,A-32-22N-06W,A,G,Jun-20,Jul-22,2100,0,0,0,0
30-043-20560,"$29,200",6515,DUGAN PRODUCTION CORP,1062,10,Yes,3653,DOME STATE 32-22-6 #002,S,A-32-22N-06W,A,G,Jun-20,Jul-22,2100,0,0,0,0
30-043-20561,"$29,200",6515,DUGAN PRODUCTION CORP,1062,10,Yes,3653,DOME STATE 32-22-6 #002,S,A-32-22N-06W,A,G,Jun-20,Jul-22,2100,0,0,0,0
30-043-20562,"$29,200",6515,DUGAN PRODUCTION CORP,1062,10,Yes,3653,DOME STATE 32-22-6 #002,S,A-32-22N-06W,A,G,Jun-20,Jul-22,2100,0,0,0,0
30-043-20563,"$29,200",6515,DUGAN PRODUCTION CORP,1062,10,Yes,3653,DOME STATE 32-22-6 #002,S,A-32-22N-06W,A,G,Jun-20,Jul-22,2100,0,0,0,0
30-043-20564,"$29,200",6515,DUGAN PRODUCTION CORP,1062,10,Yes,3653,DOME STATE 32-22-6 #002,S,A-32-22N-06W,A,G,Jun-20,Jul-22,2100,0,0,0,0
30-043-20565,"$29,200",6515,DUGAN PRODUCTION CORP,1062,10,Yes,3653,DOME STATE 32-22-6 #002,S,A-32-22N-06W,A,G,Jun-20,Jul-22,2100,0,0,0,0
30-043-20651,"$36,500",289408,"LOGOS OPERATING, LLC",1229,7,Yes,319477,CHAPMAN A #001,P,F-29-23N-06W,F,O,Jun-20,Jul-22,5750,0,0,0,0
30-045-09530,"$38,678",372171,HILCORP ENERGY COMPANY,11595,2,Yes,318890,GONSALES STATE COM #001,S,G-16-30N-11W,G,G,Jun-20,Jul-22,6839,0,0,0,0
30-045-09575,"$37,304",372497,"RIM OPERATING, INC.",112,5,Yes,319853,FARNSWORTH GAS COM A #001,P,B-17-30N-13W,B,G,Jul-20,Aug-22,6152,0,0,0,0
30-045-09576,"$37,304",372497,"RIM OPERATING, INC.",112,5,Yes,319853,FARNSWORTH GAS COM A #001,P,B-17-30N-13W,B,G,Jul-20,Aug-22,6152,0,0,0,0
30-045-09578,"$37,304",372497,"RIM OPERATING, INC.",112,5,Yes,319853,FARNSWORTH GAS COM A #001,P,B-17-30N-13W,B,G,Jul-20,Aug-22,6152,0,0,0,0
30-045-09580,"$37,304",372497,"RIM OPERATING, INC.",112,5,Yes,319853,FARNSWORTH GAS COM A #001,P,B-17-30N-13W,B,G,Jul-20,Aug-22,6152,0,0,0,0
30-045-09591,"$37,304",372497,"RIM OPERATING, INC.",112,5,Yes,319853,FARNSWORTH GAS COM A #001,P,B-17-30N-13W,B,G,Jul-20,Aug-22,6152,0,0,0,0
30-045-09622,"$38,402",372171,HILCORP ENERGY COMPANY,11595,2,Yes,319056,NELL HALL #001,P,4-07-30N-11W,M,G,Jun-20,Jul-22,6701,0,0,0,0
30-045-09632,"$38,316",150182,ROBERT L BAYLESS PRODUCER LLC,65,0,Yes,33505,HELEN HARTMAN #001,P,P-08-30N-11W,P,G,Jul-20,Aug-22,6658,0,0,0,0
30-045-09640,"$37,280",371710,"ADVANCED WIRELESS COMMUNICATIONS, L.L.C.",166,6,No,323033,FARMSWORTH GAS COM B #001,P,O-08-30N-13W,O,G,Jun-20,Jul-22,6140,0,0,0,0
30-045-09644,"$37,280",371710,"ADVANCED WIRELESS COMMUNICATIONS, L.L.C.",166,6,No,323033,FARMSWORTH GAS COM B #001,P,O-08-30N-13W,O,G,Jun-20,Jul-22,6140,0,0,0,0
30-045-09655,"$38,546",372171,HILCORP ENERGY COMPANY,11595,2,Yes,322004,KATE STANDAGE #001,P,J-12-30N-12W,J,G,Jun-20,Jul-22,6773,0,0,0,0
30-045-09656,"$38,546",372171,HILCORP ENERGY COMPANY,11595,2,Yes,322004,KATE STANDAGE #001,P,J-12-30N-12W,J,G,Jun-20,Jul-22,6773,0,0,0,0
30-045-09684,"$38,802",372171,HILCORP ENERGY COMPANY,11595,2,Yes,321727,CHRISMAN GAS COM #001,P,L-11-30N-12W,L,G,Jun-20,Jul-22,6901,0,0,0,0
30-045-09694,"$38,802",372171,HILCORP ENERGY COMPANY,11595,2,Yes,321727,CHRISMAN GAS COM #001,P,L-11-30N-12W,L,G,Jun-20,Jul-22,6901,0,0,0,0
30-045-09696,"$38,802",372171,HILCORP ENERGY COMPANY,11595,2,Yes,321727,CHRISMAN GAS COM #001,P,L-11-30N-12W,L,G,Jun-20,Jul-22,6901,0,0,0,0
30-045-09698,"$38,802",372171,HILCORP ENERGY COMPANY,11595,2,Yes,321727,CHRISMAN GAS COM #001,P,L-11-30N-12W,L,G,Jun-20,Jul-22,6901,0,0,0,0
30-045-09699,"$38,802",372171,HILCORP ENERGY COMPANY,11595,2,Yes,321727,CHRISMAN GAS COM #001,P,L-11-30N-12W,L,G,Jun-20,Jul-22,6901,0,0,0,0
30-045-09728,"$30,256",372171,HILCORP ENERGY COMPANY,11595,2,Yes,318881,CURRENT #001,P,E-11-30N-11W,E,G,Jun-20,Jul-22,2628,0,0,0,0
30-045-09733,"$30,256",372171,HILCORP ENERGY COMPANY,11595,2,Yes,318881,CURRENT #001,P,E-11-30N-11W,E,G,Jun-20,Jul-22,2628,0,0,0,0
30-045-24262,"$34,340",236452,PETRO MEX LLC,5,5,No,301641,DOROTHY #001,P,I-11-29N-15W,I,O,Nov-10,Dec-12,4670,Y,0,0,Y
30-045-24633,"$34,400",236452,PETRO MEX LLC,5,5,No,301647,TRS-EVI #001,P,H-11-29N-15W,H,O,Jan-12,Feb-14,4700,Y,0,0,Y
30-045-24743,"$34,340",236452,PETRO MEX LLC,5,5,No,301640,BOB BLANCHE #001,P,L-12-29N-15W,L,O,Jul-10,Aug-12,4670,Y,0,0,Y
30-045-25922,"$34,254",236452,PETRO MEX LLC,5,5,No,301644,KIRTLAND 14 #001,P,A-14-29N-15W,A,O,Aug-11,Sep-13,4627,Y,0,0,Y
30-045-26203,"$34,420",236452,PETRO MEX LLC,5,5,No,301645,KIRTLAND 18 #001,P,1-18-29N-14W,A,O,Dec-12,Jan-15,4710,Y,0,0,Y
30-045-26321,"$31,444",298299,"CROSS TIMBERS ENERGY, LLC",564,9,No,327069,CHAVEZ GAS COM F #001,P,J-23-29N-10W,J,G,Jul-20,Aug-22,3222,0,0,0,0
30-045-26774,"$36,572",372171,HILCORP ENERGY COMPANY,11595,2,Yes,0,ATLANTIC D COM E #006R,S,K-16-30N-10W,K,G,Jun-20,Jul-22,5786,0,0,0,0
30-045-26834,"$31,602",329736,SIMCOE LLC,2363,1,Yes,327599,JACQUEZ COM #005,P,A-30-31N-09W,A,G,Jul-20,Aug-22,3301,0,0,0,0
30-045-26848,"$31,602",329736,SIMCOE LLC,2363,1,Yes,327599,JACQUEZ COM #005,P,A-30-31N-09W,A,G,Jul-20,Aug-22,3301,0,0,0,0
30-045-27120,"$29,920",372171,HILCORP ENERGY COMPANY,11595,2,Yes,0,BEAVER LODGE COM #320,S,L-32-30N-08W,L,G,Jun-20,Jul-22,2460,0,0,0,0
30-045-27422,"$29,800",372171,HILCORP ENERGY COMPANY,11595,2,Yes,0,CULPEPPER MARTIN #103,P,K-28-32N-12W,K,G,Jun-20,Jul-22,2400,0,0,0,0
30-045-29271,"$38,248",372171,HILCORP ENERGY COMPANY,11595,2,Yes,318718,SAN JUAN 32 9 UNIT #007A,S,F-32-32N-09W,F,G,Jun-20,Jul-22,6624,0,0,0,0
30-045-29330,"$37,758",372171,HILCORP ENERGY COMPANY,11595,2,Yes,0,SAN JUAN 32 9 UNIT #037A,S,J-32-32N-09W,J,G,Jun-20,Jul-22,6379,0,0,0,0
30-045-29331,"$37,758",372171,HILCORP ENERGY COMPANY,11595,2,Yes,0,SAN JUAN 32 9 UNIT #037A,S,J-32-32N-09W,J,G,Jun-20,Jul-22,6379,0,0,0,0
30-045-29350,"$27,836",372171,HILCORP ENERGY COMPANY,11595,2,Yes,322128,RIVERINE #001,P,O-11-29N-13W,O,G,May-20,Jun-22,1418,0,0,0,0
30-045-30090,"$29,710",372171,HILCORP ENERGY COMPANY,11595,2,Yes,0,CHRISMAN GAS COM #002,P,L-11-30N-12W,L,G,Jun-20,Jul-22,2355,0,0,0,0
30-045-30091,"$29,710",372171,HILCORP ENERGY COMPANY,11595,2,Yes,0,CHRISMAN GAS COM #002,P,L-11-30N-12W,L,G,Jun-20,Jul-22,2355,0,0,0,0
30-045-30361,"$29,030",372171,HILCORP ENERGY COMPANY,11595,2,Yes,319232,UTTON #100,P,N-07-30N-11W,N,G,Jun-20,Jul-22,2015,0,0,0,0
30-045-34754,"$30,090",372834,"EPIC ENERGY, L.L.C.",420,3,Yes,0,WESTLAND PARK #002,P,C-18-29N-13W,C,G,Jun-20,Jul-22,2545,0,0,0,0
30-045-34755,"$30,090",372834,"EPIC ENERGY, L.L.C.",420,3,Yes,0,WESTLAND PARK #002,P,C-18-29N-13W,C,G,Jun-20,Jul-22,2545,0,0,0,0
30-045-60229,"$27,652",13215,LEE M CRANE,3,0,Yes,3337,MARTIN #001,P,N-34-30N-11W,N,O,Jul-20,Aug-22,1326,0,0,6326,0